sample,piece,field,analysis,Host,Li,B,Na,Mg,Al,Si,P,K,Ti,Mn,Rb,Sr,Nb,Sn,Cs,Ba,Ta,W,Ca,Fe,NbTa,Nb/Ta,Li/Na,K/Na,K/Cs,K/Rb,Cs/Na,Rb/Na,Rb/Cs,Ta#,Mn#,Na%,Li%,K%,Rb%,Cs%,B%,P%,diva,diva%,Alkalis,Alkalis%,Info
BU18FA20,B,ff4,fi01,bertossaite,,407.0211500684532,73748.32921702722,,,,32478.17697289502,28906.57390537243,,1888.4917786463727,1330.9851740194795,,,,952.723258155811,,,,,635.3440438933633,,,,0.3919624242646354,30.340997407082266,21.718178736789874,0.012918574132739046,0.018047665461039055,1.39703230988175,,74.82625303043616,7.374832921702722,,2.890657390537243,0.13309851740194795,0.0952723258155811,0.04070211500684532,3.247817697289502,2523.835822539736,0.2523835822539736,104938.61155457493,10.493861155457493,
BU18FA20,B,ff4,fi02,bertossaite,6268.782610753122,409.2806825047005,58457.447453581,,,,40663.14934477698,18339.52229270202,,193.34592816229988,1107.80302637891,,,,1015.5186418068422,,,,,,,,0.10723668042007721,0.3137243087335414,18.05926699688326,16.554858450467183,0.01737192925868393,0.018950588413197095,1.0908741413233662,,100.0,5.8457447453581,0.6268782610753122,1.833952229270202,0.11078030263789101,0.10155186418068422,0.04092806825047005,4.066314934477698,193.34592816229988,0.019334592816229988,85189.0740252219,8.518907402522192,
BU18FA20,B,ff4,fi03,bertossaite,8689.632681364934,319.7321952617453,48341.835455765584,35.13515454830154,,,24024.302811392954,25384.75497878483,,1263.0137666903959,1003.0400374563958,,,,719.6100659698311,,,,8802.412144444297,2196.906743149425,,,0.17975388396901565,0.5251094572528745,35.27570858055376,25.307818263324666,0.014885865610715147,0.020748902643016345,1.3938660461962564,,36.50412670171049,4.8341835455765585,0.8689632681364934,2.538475497878483,0.10030400374563958,0.07196100659698311,0.03197321952617453,2.4024302811392952,12297.46780883242,1.229746780883242,84138.87321934156,8.413887321934157,
BU18FA20,J,ff1,fi01,trolleite,372.4943286004099,2452.3155962257383,32403.549770165093,1280.5207293244553,,,16461.07610967218,27398.405002810923,,1257.675011010317,1628.1758221818288,,1.0568785140306185,8.361103520239288,979.2269457107999,,8.363762144016418,13.47806444559097,,3862.6938986190466,9.420640658047036,0.12636400890318575,0.011495479083078004,0.8455371463047991,27.979627320123434,16.827669732925912,0.03021974298051762,0.0502468351069653,1.6627155015632977,88.78124585796783,24.562195287240606,3.2403549770165094,0.03724943286004099,2.739840500281092,0.16281758221818288,0.09792269457108,0.24523155962257384,1.646107610967218,6400.889638953819,0.6400889638953818,62781.85186946905,6.278185186946906,
BU18FA20,J,ff1,fi02,trolleite,150.46958889928624,1331.1787124333944,31016.385051884532,173.64766998449775,,,,30730.819993270434,49.003821202631435,202.26344583855442,1106.42240050432,,,,460.21650427294475,,,,,,,,0.004851293554925216,0.9907930902283937,66.77470214115709,27.774943800182438,0.014837851139102439,0.03567219063902789,2.404134554566353,,100.0,3.101638505188453,0.015046958889928623,3.0730819993270435,0.110642240050432,0.046021650427294475,0.13311787124333943,,375.91111582305217,0.037591111582305214,63464.31353883152,6.346431353883153,
BU18FA20,J,ff1,fi03,trolleite,273.1063613640318,1002.2218965880983,28764.866234089728,148.2461427097244,,,,31137.152872609167,93.7296264715606,147.22500505127448,1236.672058375318,,0.5899984082745898,,447.1073399112456,,,,,,0.5899984082745898,,0.009494442252624448,1.0824716728808563,69.64133686284403,25.178180958916226,0.015543522305046256,0.042992449480252305,2.765939961130603,,100.0,2.8764866234089728,0.02731063613640318,3.113715287260917,0.12366720583753181,0.04471073399112456,0.10022218965880983,,295.47114776099886,0.029547114776099885,61858.90486634949,6.185890486634949,
BU18FA19,A,ff7b,fi06,trolleite,,,37944.87072825938,,,,408365.1308233702,17098.577599736866,,378.4277936495147,1059.0280607437667,,,,148.63788749025872,,,,,,,,,0.45061630917621565,115.03512252794533,16.145537812971973,0.0039172063216323175,0.027909649984788516,7.124886384120416,,100.0,3.7944870728259383,,1.7098577599736866,0.10590280607437667,0.014863788749025872,,40.83651308233702,378.4277936495147,0.037842779364951465,56251.11427623027,5.625111427623027,
BU18FA19,A,ff7b,fi08,trolleite,600.5264309312015,,32202.232200473965,,,,61889.814953084315,25047.18625242871,,,798.8240395718925,,13.266942746807503,,235.15820576381714,,53.50878078182654,,,,66.77572352863405,0.2479395447431578,0.018648596382780033,0.7778090070433085,106.5120656584063,31.355073222198033,0.0073025436342377525,0.024806480327166112,3.3969643414195687,80.13208686369603,,3.2202232200473966,0.06005264309312015,2.504718625242871,0.07988240395718925,0.023515820576381713,,6.188981495308432,,,58883.92712916958,5.888392712916959,
BU18FA19,A,ff7b,fi012,trolleite,1189.4998896316426,,30226.172516382074,116.69519288173689,,,271369.5658070216,28334.042392601288,,,991.5660972662082,,,438.01473847249713,278.54375468507453,118.54230983107135,12.875800568112863,,,,12.875800568112863,,0.03935330842788493,0.9374009354722209,101.72205233837015,28.57504151333885,0.009215316776681155,0.03280488446655944,3.559821681829796,100.0,,3.0226172516382075,0.11894998896316426,2.833404239260129,0.09915660972662083,0.027854375468507452,,27.136956580702158,235.23750271280824,0.023523750271280824,61019.82465056629,6.101982465056629,
BU18FA19,A,ff7b,fi07,trolleite,1430.3982788696326,1998.3343181091993,24116.300152704374,,,,298463.47991614905,39233.55186235351,,9198.308479694617,1297.0693125022146,,10.079260291630975,196.9719989478158,285.33067794566523,,,,,2309.0668177583702,10.079260291630975,,0.05931250937384064,1.6268478835446034,137.50204550323414,30.247845264850888,0.011831444962077591,0.053783926402025756,4.54584597015962,,79.9340270211796,2.4116300152704375,0.14303982788696326,3.923355186235351,0.12970693125022145,0.028533067794566522,0.19983343181091992,29.846347991614905,11507.375297452987,1.1507375297452986,66362.65028437538,6.63626502843754,
BU18FA19,A,ff7b,fi09,trolleite,1130.086569860423,3316.864251468885,35670.35744269739,,,,61400.14460806224,22158.076330513442,,642.9913361283033,910.8793551594745,,22.747639349843016,,158.63432366396734,,,,,2444.7055357703016,22.747639349843016,,0.03168139180202636,0.6211901959802131,139.68021433653007,24.32602759630452,0.004447231119531261,0.025536031048266218,5.742006736757527,,20.824302475421817,3.5670357442697385,0.1130086569860423,2.215807633051344,0.09108793551594745,0.015863432366396733,0.3316864251468885,6.140014460806224,3087.696871898605,0.3087696871898605,60028.034021894695,6.0028034021894685,
BU18FA19,A,ff7b,fi01,trolleite,168.0624282691266,1148.5275658111552,17671.80283897026,22.84036705212099,,,,12801.938611511281,,178.25850082136648,702.7445155692598,,,,111.11409330722637,,,,,,,,0.009510202767683188,0.72442742419467,115.21435517737964,18.217059440358696,0.006287648991997299,0.03976643028291101,6.324530891200247,,100.0,1.7671802838970259,0.01680624282691266,1.280193861151128,0.07027445155692598,0.011111409330722638,0.11485275658111552,,201.09886787348748,0.02010988678734875,31455.662487627153,3.1455662487627154,
BU18FA19,A,ff7b,fi011,trolleite,5962.225742699109,1220.170070936436,19547.675849617193,,,,,19683.5641050631,298.5345860342555,70.70004744928418,888.0681181072998,,13.576826697366856,123.74988282880739,175.21879470330146,,40.56294973143013,,,,54.139776428796985,0.33471004419697997,0.3050094440161217,1.0069516323317058,112.33705915163576,22.164475566371873,0.00896366381616323,0.04543088011788834,5.068338243115234,74.92263989079694,100.0,1.9547675849617194,0.5962225742699109,1.9683564105063098,0.08880681181072998,0.017521879470330147,0.1220170070936436,,70.70004744928418,0.007070004744928419,46256.75261019001,4.6256752610189995,
BU18FA19,A,ff7b,fi02,trolleite,,,38627.64892368645,,,,299557.6634560759,27464.530572061565,,,794.0823608437514,,,,334.189984248881,,,,,,,,,0.7110070464376705,82.18238686533445,34.58650125772742,0.0086515745472657,0.020557356788981806,2.376140513691683,,,3.862764892368645,,2.7464530572061565,0.07940823608437514,0.0334189984248881,,29.95576634560759,,,67220.45184084064,6.722045184084065,
BU18FA19,B,ff1,fi02,trolleite,1022.9446572059525,1210.5550631942672,34429.195666228385,,,,73357.12224885913,28764.755372113374,89.48285271976648,1255.8296970673564,994.6937811389611,,,,443.75072392599105,98.14257303744407,,,,2214.7105475571943,,,0.029711546767540647,0.8354756716064888,64.82187818787823,28.918201679291357,0.01288879148464297,0.0288909967802314,2.241559793612543,,36.18542384035124,3.4429195666228383,0.10229446572059525,2.8764755372113373,0.09946937811389611,0.04437507239259911,0.12105550631942671,7.3357122248859135,3568.6828176619947,0.35686828176619945,65655.34020061266,6.565534020061265,
BU18FA19,B,ff1,fi03,trolleite,514.0989236793511,,36467.32565260112,,,,27450.26480502395,31013.225899740413,1255.3747546968168,279.6853581421077,722.3178194649117,,,,283.6395070681019,,17.149885226774032,,,,17.149885226774032,,0.01409752194544822,0.8504387241110543,109.34028979360103,42.93570650481087,0.007777908085998367,0.019807260514410403,2.546605114820916,100.0,100.0,3.6467325652601117,0.051409892367935105,3.1013225899740413,0.07223178194649117,0.028363950706810193,,2.745026480502395,279.6853581421077,0.02796853581421077,69000.60780255389,6.900060780255389,
BU18FA19,B,ff1,fi04,trolleite,1538.2012412478728,1018.548903463998,29473.27820362729,40.287950356141835,,,47622.50132364696,27624.940077078823,1298.7236602847827,214.49999393217342,1062.350179006046,,6.978211759274261,366.307781352544,253.43321841303387,18.952174756017794,157.01402997664093,,,336.93997044957564,163.9922417359152,0.04444323708086732,0.052189689610386315,0.9372876639721403,109.00283810489657,26.00361031889242,0.008598745503031411,0.03604452045226859,4.191834778638514,95.74479153074105,38.898158963262965,2.947327820362729,0.15382012412478727,2.7624940077078826,0.10623501790060459,0.025343321841303387,0.1018548903463998,4.762250132364696,610.6800894939087,0.061068008949390865,59952.20291937306,5.995220291937307,
BU18FA04,A,ff3,fi01,bertossaite,7161.568192823691,,13875.652736496328,125.29969336043507,,,,8702.949115995707,,,514.7252668688851,2016.2474990804014,,,143.37551263265283,,,,,,,,0.5161247783311146,0.6272100694120748,60.700387089766316,16.907950077788957,0.010332884178885546,0.03709557140436594,3.5900500539982714,,,1.3875652736496327,0.7161568192823691,0.8702949115995707,0.05147252668688851,0.014337551263265283,,,2141.5471924408366,0.21415471924408366,30398.270824817264,3.0398270824817266,bts
BU18FA04,A,ff3,fi02,bertossaite,3586.10299704713,863.1455324814616,26357.155421299056,97.99423682284649,,,23422.640809261095,8391.543983033622,,546.3146928374766,339.7272838166809,,,,64.965572501924,39.92696720667665,,,,450.4959017155265,,,0.13605804343169833,0.3183782107325765,129.1690915643836,24.70082440467677,0.0024648172939567567,0.012889375897603477,5.229343338837191,,54.806268695655156,2.6357155421299057,0.358610299704713,0.8391543983033621,0.03397272838166809,0.0064965572501924,0.08631455324814616,2.3422640809261095,1134.7317985825262,0.11347317985825262,38739.49525769842,3.8739495257698415,bts
BU18FA04,A,ff3,fi03,bertossaite,1689.021158259264,1278.7454373011165,29488.28947566378,11.970556598920703,,,,11694.924475300835,,211.50901020691293,468.30339197861247,,,,43.00708250830824,,,3.428016392052477,,,,,0.05727769186656915,0.39659555312465555,271.9301983119077,24.97296555100533,0.0014584461585607162,0.01588099548348153,10.888983038738893,,100.0,2.948828947566378,0.1689021158259264,1.1694924475300834,0.04683033919786125,0.0043007082508308234,0.12787454373011164,,223.47956680583363,0.022347956680583363,43383.5455837108,4.33835455837108,bts-2shots
BU18FA04,A,ff3,fi04,bertossaite,9409.884022848868,379.06460261886406,47791.674622075814,90.36097988336141,,,36823.63412318926,11288.571676952608,,1251.4261460467953,413.864247688638,,,,275.822573954349,35.067843889440745,,,11496.849917703414,1701.3356420547425,,,0.19689379159152287,0.2362037272437032,40.92693181385858,27.276025266732695,0.0057713519380829924,0.00865975613872854,1.5004727196735392,,42.38154771202837,4.779167462207582,0.9409884022848868,1.1288571676952608,0.0413864247688638,0.027582257395434902,0.037906460261886404,3.6823634123189257,14575.040529577755,1.4575040529577754,69179.81714352028,6.9179817143520275,bts
BU18FA04,A,ff3,fi05,bertossaite,9967.103789026585,,9144.7563603761,147.7956121084731,,,57012.43050516348,1199.9567174045364,152.71042323595225,1262.4510646627891,39.98762183208676,7.597283269037451,,,,37.966322011030535,4.69689207218084,,19014.236080805695,3906.6606960783765,4.69689207218084,,1.0899255700472992,0.13121800845388357,,30.00820409984148,,0.0043727378025456955,,100.0,24.422978706921487,0.91447563603761,0.9967103789026586,0.11999567174045364,0.003998762183208676,,,5.701243050516348,24376.7070589354,2.4376707058935403,20351.804488639307,2.035180448863931,bts
BU18FA04,A,ff3,fi06,bertossaite,,765.912634895931,35830.41599843137,,,,28590.237955451135,12357.361939065086,153.06885914942038,250.02662739920564,603.8633786736132,265.70592845196666,,,85.10293525172942,,7.276737207689991,,,,7.276737207689991,,,0.34488469069424377,145.20488514894043,20.463837310697745,0.00237515900612081,0.01685337336580323,7.0956821511199495,100.0,100.0,3.5830415998431366,,1.2357361939065086,0.06038633786736132,0.008510293525172942,0.0765912634895931,2.8590237955451134,515.7325558511723,0.051573255585117224,48876.74425142179,4.88767442514218,bts-2shots
BU18FA04,A,ff3,fi08,bertossaite,5681.386667146339,816.4377579412933,20024.231766357345,53.03865930653826,,,4424.8887728110985,4796.886021073348,,86.30630583951016,116.24291083769472,,,,18.940528360590914,,,,,,,,0.28372557476545096,0.23955406015288852,253.26041226252747,41.266052153245255,0.000945880400386338,0.005805112135837047,6.137258086187208,,100.0,2.0024231766357343,0.568138666714634,0.4796886021073348,0.011624291083769472,0.0018940528360590913,0.08164377579412933,0.44248887728110986,139.34496514604842,0.013934496514604842,30637.68789377532,3.063768789377532,bts
BU18FA04,B,ff5,fi01,trolleite,,,25516.557786587575,125.36426832853229,,,,43533.392484054646,,,103.01418963134907,27.978879105487568,,,,,6.431216740901575,,,,6.431216740901575,,,1.706084059149129,,422.5960776844926,,0.004037150719659258,,100.0,,2.5516557786587577,,4.353339248405464,0.010301418963134907,,,,153.34314743401987,0.015334314743401987,69152.96446027356,6.915296446027357,trl
BU18FA19,B,ff1,fi05,trolleite,930.2537023561785,1430.7035698457516,33885.69867912132,89.29096773690034,,,14484.628444124293,27261.521974538515,,1911.6686804337648,1561.4066811285725,,,112.26449065957374,492.34924714725304,36.83744717672488,30.261063325965257,,,6001.1580058615755,30.261063325965257,,0.027452693573331997,0.8045140881612014,55.37029280027531,17.459590959886313,0.014529706228268331,0.04607863322855531,3.171339633757139,100.0,24.159112239178558,3.388569867912132,0.09302537023561784,2.7261521974538514,0.15614066811285723,0.049234924714725306,0.14307035698457515,1.4484628444124292,8038.955101208966,0.8038955101208966,64131.23028429184,6.413123028429183,trl
BU18FA19,B,ff1,fi06,trolleite,1297.0399667965241,1867.7450112914953,21410.145513868436,851.2305206727156,,,204576.07617512916,51498.34601946571,,898.2536027261225,2148.7867125493103,,,292.8899559870719,486.07730934431066,,,,,38678.14367346627,,,0.06058062360932417,2.4053244283700743,105.94682168754989,23.96624370334472,0.022703129646150875,0.10036301300042227,4.420668628716481,,2.26966996631216,2.1410145513868435,0.1297039966796524,5.149834601946571,0.21487867125493104,0.04860773093443107,0.18677450112914953,20.457607617512917,40427.62779686511,4.0427627796865115,76840.3955220243,7.684039552202429,trl
BU18FA19,B,ff1,fi07,trolleite,539.7533128578258,,28506.65461309456,,,,,32166.80040999705,,,1151.3025208804866,,,514.5705879023261,288.89716878228285,,67.76199670933921,,,,67.76199670933921,,0.018934291665704244,1.128396188419149,111.34342557104955,27.939485779460213,0.010134376436075303,0.040387149474622484,3.9851637374408644,100.0,,2.850665461309456,0.05397533128578258,3.2166800409997047,0.11513025208804865,0.028889716878228285,,,,,62653.4080256122,6.26534080256122,trl
BU18FA20,E,ff1,fi01,trolleite,,,21811.12089623902,4825.963595857406,,,,21110.616726177006,,423.9478791937271,,289.04593230454975,,,,,,,52707.03287866024,3982.1608795923757,,,,0.9678831650425264,,,,,,,9.621820576905735,2.181112089623902,,2.1110616726177005,,,,,62228.1511656083,6.22281511656083,42921.737622416025,4.292173762241602,trl-real?
BU18FA20,E,ff1,fi02,trolleite,529.8326376913315,,22166.648171131408,195.089676813344,,,557178.6797425526,10452.564081812554,,,519.544226437887,,,,485.31482861268137,,8.718914931535082,,,1853.7624132518647,8.718914931535082,,0.023902244200427,0.47154463774209143,21.537697728487306,20.11871858047139,0.02189392031063713,0.02343810495961731,1.0705302945781683,100.0,,2.216664817113141,0.05298326376913315,1.0452564081812554,0.0519544226437887,0.048531482861268134,,55.717867974255256,2048.852090065209,0.20488520900652088,34153.903945685866,3.415390394568586,trl
BU18FA20,E,ff1,fi03,trolleite,2587.218451642259,,53604.423216477066,923.2735564382559,,,339844.2154450285,20378.324613035595,,2126.765193246109,1422.631848488786,,,,1186.7075166989125,,,,,10114.006748306132,,,0.04826501800409249,0.38016125144634805,17.172154323014972,14.324383806451966,0.022138238702923668,0.026539448857487078,1.1988057954213933,,17.37443686885989,5.360442321647707,0.2587218451642259,2.0378324613035597,0.14226318484887862,0.11867075166989124,,33.98442154450285,13164.045497990497,1.3164045497990498,79179.30564634262,7.917930564634262,trl
BU18FA20,E,ff1,fi04,trolleite,258.9599155389129,,33322.4828666083,,,,178050.51046310784,27345.32585733204,,616.7072728003544,1386.0041057453964,,,,672.352362693735,,,,,1703.5735560865692,,,0.0077713271419642856,0.8206269012665371,40.671123319586194,19.729613890736392,0.02017713882201389,0.04159366249188711,2.0614252029880036,,26.578992728918895,3.3322482866608296,0.025895991553891294,2.7345325857332043,0.13860041057453965,0.0672352362693735,,17.805051046310783,2320.2808288869237,0.23202808288869237,62985.125107918386,6.298512510791839,trl
BU18FA20,E,ff1,fi05,trolleite,972.8055007649824,921.9746054512758,27139.18017733634,,,,,30452.77471087691,,,1496.4962612341462,,,,641.997813597721,,,,,,,,0.035845058487704896,1.1220963386472418,47.43439006469696,20.349382420616806,0.023655755605095505,0.055141542649982306,2.330998999588273,,,2.713918017733634,0.09728055007649825,3.045277471087691,0.14964962612341462,0.0641997813597721,0.09219746054512758,,,,60703.2544638101,6.07032544638101,trl-Xtl-rich
BU18FA20,E,ff1,fi07,trolleite,3510.4300416630335,,39371.67963639483,435.3715897488752,,,583594.5651083132,28778.902933913632,,823.3043326566162,1531.1875958334454,,,,675.4101183867546,,,,,,,,0.08916129751340411,0.7309544118943473,42.6095229408959,18.7951515622414,0.01715471944870778,0.038890583535532715,2.267048648146923,,100.0,3.937167963639483,0.35104300416630335,2.877890293391363,0.15311875958334453,0.06754101183867546,,58.35945651083132,1258.6759224054913,0.12586759224054914,73867.6103261917,7.386761032619169,trl
BU18FA20,E,ff1,fi08,trolleite,386.55220478797554,,42425.30909996068,94.9467127924639,,,,13989.369515443648,,1554.2666909092818,973.8290717196572,,3.3167727338763577,,741.596306393605,,,,,,3.3167727338763577,,0.00911135859675643,0.32974113358803114,18.863860829450704,14.365323362897984,0.017480044862991755,0.022953965271653373,1.3131525377403832,,100.0,4.242530909996068,0.038655220478797554,1.3989369515443648,0.09738290717196572,0.0741596306393605,,,1649.2134037017456,0.16492134037017456,58516.65619830557,5.851665619830556,trl
BU18FA22,B,ff1b,fi01,quartz,818.3803037884809,1168.830075919954,54459.768288466665,75.72785734836287,824.2378775257457,,,28997.16852877294,,939.8287099209689,1680.4888047223676,7.600633508068134,,,418.94440575641084,27.347023387092907,,,,5487.726151400046,,,0.01502724542369739,0.5324511917711167,69.21483645644602,17.255198872665826,0.007692732064839389,0.030857435819796844,4.0112453624681255,,14.621869905406172,5.445976828846667,0.08183803037884808,2.8997168528772943,0.16804888047223676,0.04189444057564108,0.1168830075919954,,6538.230375564539,0.6538230375564539,86374.75033150686,8.637475033150686,qz
BU18FA04,B,ff6,fi01,bertossaite,1400.6891366519267,821.1422384298689,35275.575624158126,2.2201377185834543,,,,10222.112264356749,10.304033716695631,,350.8089521054394,9.18571822782781,0.10186176804133924,,39.55272383267951,2.7076743584463983,,,,,0.10186176804133924,,0.0397070525956968,0.28977875154378024,258.44268798274186,29.138687034658062,0.0011212495652542158,0.0099448115558231,8.869400590196312,,,3.5275575624158124,0.14006891366519267,1.0222112264356749,0.03508089521054394,0.003955272383267951,0.08211422384298689,,14.113530304857663,0.0014113530304857664,47288.73870110493,4.728873870110492,
BU18FA04,B,ff6,fi06,bertossaite,659.8602851206546,1857.8836315127526,37294.72331693793,442.4778043669191,,,,10774.041748186779,,2170.4829592918995,735.2871532002463,,1.6778486608877914,,80.24859592898346,,12.216376824640554,,33826.40656732066,4137.701180631395,13.894225485528345,0.13734421301605185,0.017693127242506438,0.28888917224634814,134.25832095207423,14.652835564029775,0.002151741286482139,0.01971558139610343,9.162617048788537,87.9241296131593,34.40741283304219,3.729472331693793,0.06598602851206546,1.0774041748186778,0.07352871532002463,0.008024859592898346,0.18578836315127525,,40577.06851161087,4.057706851161087,49544.16109937459,4.954416109937459,3shots
BU18FA04,B,ff6,fi09,bertossaite,,1107.8493689271204,38227.11083425127,83.22998896199705,,,,12991.726565827106,,,565.1709029337355,,,,53.21570129472751,,12.629398671263157,12.660786058036892,,,12.629398671263157,,,0.3398563554059282,244.13333376693274,22.987253056356202,0.0013920932064540581,0.01478455710096055,10.620378745055294,100.0,,3.8227110834251268,,1.2991726565827106,0.056517090293373554,0.0053215701294727505,0.11078493689271204,,83.22998896199705,0.008322998896199705,51837.22400430684,5.183722400430684,
BU18FA04,B,ff7,fi01,bertossaite,4611.23457025096,717.2914956785207,27584.74391295574,,,,15188.541061962671,5177.952619398556,72.74095623184367,,427.32082786629303,,,,43.04399700903245,,,,5580.9415509141045,,,,0.1671661185183307,0.18771073734589303,120.29441918026345,12.117248403859023,0.001560427645979195,0.015491201557451945,9.92753595296048,,,2.758474391295574,0.461123457025096,0.5177952619398556,0.0427320827866293,0.004304399700903246,0.07172914956785208,1.518854106196267,5580.9415509141045,0.5580941550914105,37844.295927480576,3.784429592748058,2shots
BU18FA04,B,ff7,fi02,bertossaite,,1320.6542191004737,27602.371540293516,56.21756757428607,,,54195.22394004105,30580.97346521091,385.2081438423718,2652.652009130669,1509.3015364645544,,1.235518592796163,,218.93116381836165,25.453472791180136,11.964906763758137,,71295.97990333756,5388.13404533983,13.2004253565543,0.10326186548637097,,1.1079110872980344,139.68305348517083,20.261672519624508,0.007931607017852409,0.054680139866290084,6.89395474879383,90.64031226703841,32.98995883189621,2.7602371540293515,,3.058097346521091,0.15093015364645543,0.021893116381836164,0.13206542191004736,5.419522394004105,79418.43699817354,7.941843699817354,59911.57770578734,5.9911577705787336,2shots
BU18FA04,B,ff7,fi03,bertossaite,9681.556913002758,396.2686435718503,12960.768692554198,111.6971848168744,,,24056.03064887359,1635.8235133973703,,528.5180347682476,112.76971031002904,,,,13.721866515892122,,,,15740.577771767155,731.3825026335826,,,0.7469894064666622,0.12621346404686096,119.21290092006247,14.50587670128909,0.0010587232008681063,0.008700850465359655,8.218248601924792,,41.94918718410572,1.2960768692554199,0.9681556913002758,0.16358235133973703,0.011276971031002904,0.0013721866515892121,0.03962686435718503,2.405603064887359,17112.17549398586,1.7112175493985857,24404.64069578025,2.440464069578025,
BU18FA04,B,ff7,fi05,bertossaite,,489.56450607486573,11865.788909500307,,,,,6370.599434884992,,175.1406825424196,409.25378515099317,359.1481613480876,,,81.76295651819748,,,,,2121.229164553236,,,,0.5368879796761251,77.91547304759125,15.566378775298498,0.006890646474650685,0.03449022970763667,5.005369210932435,,7.626849950321792,1.1865788909500306,,0.6370599434884991,0.040925378515099316,0.008176295651819748,0.048956450607486574,,2655.5180084437434,0.26555180084437435,18727.405086054485,1.8727405086054487,2shots
BU18FA19,E,ff11,fi06,bertossaite,,630.6600514982965,27607.86986135627,,,,,36074.76873742385,545.6534597921917,6711.203893081122,1217.3646309080186,,,,160.82332338798162,541.4796303473549,,,,14764.35421821535,,,,1.3066842504904372,224.31304102822523,29.633495028121597,0.005825270989598941,0.044094840964605087,7.569577628806748,,31.250428316230472,2.760786986135627,,3.6074768737423852,0.12173646309080187,0.01608233233879816,0.06306600514982966,,22017.037741643828,2.2017037741643826,65060.82655307612,6.506082655307612,2shots
BU18FA19,E,ff11,fi07,bertossaite,,1106.8433213461349,39737.5232646305,8.371127072624223,,,13695.906217098378,26111.238201917426,66.61158357762916,1124.9864385449705,1157.7668683695852,167.93217351410283,,,386.55362544124216,,,,6702.128103039996,1925.739896273275,,,,0.6570927440049709,67.54881207519925,22.55310539218344,0.009727672831218072,0.029135355534351787,2.9951002711409593,,36.87601951395599,3.97375232646305,,2.6111238201917426,0.11577668683695852,0.03865536254412422,0.11068433213461348,1.3695906217098377,9929.157738444968,0.9929157738444968,67393.08196035876,6.739308196035875,
BU18FA19,E,ff11,fi09,bertossaite,6912.878661204161,,18031.237823402942,,,,29968.725332494138,15712.335743603902,,4127.933315068731,598.1082602550615,,,,137.26518395162947,,,,,12369.601058938573,,,0.38338347754649765,0.8713952917425718,114.46701407649542,26.27005307852365,0.007612632327075819,0.03317067114930791,4.357319482162552,,25.021516679319657,1.8031237823402941,0.6912878661204162,1.5712335743603902,0.05981082602550615,0.013726518395162948,,2.9968725332494137,16497.534374007304,1.6497534374007303,41391.8256724177,4.13918256724177,2shots
BU18FA19,E,ff11,fi010,bertossaite,1393.457803765637,404.73160157584454,39457.03166248759,,,,,17069.823623776396,,1538.8780946305633,506.4681696535192,,,,245.39910550772305,,,,,980.8689162251727,,,0.035315829525271125,0.43261803801640103,69.55943701774898,33.70364545407476,0.006219401084370666,0.012835941993452749,2.0638549949302076,,61.072722301114744,3.945703166248759,0.1393457803765637,1.7069823623776397,0.05064681696535192,0.024539910550772304,0.040473160157584454,,2519.747010855736,0.25197470108557357,58672.18036519086,5.867218036519087,2shots
BU18FA19,E,ff11b,fi02,quartz,,886.4633624946031,29104.57115343444,,,,,52977.738869734254,,,1091.8825680543628,,1.0194882774652378,42.29799414573604,200.73263678519115,663.4232663907758,1.619611078779011,,,,2.639099356244249,0.629464870192051,,1.8202549211408907,263.92189988729643,48.51963060838663,0.006896945353599687,0.03751584458324914,5.439486998931882,61.36984100075373,,2.910457115343444,,5.297773886973426,0.10918825680543627,0.020073263678519113,0.0886463362494603,,663.4232663907758,0.06634232663907758,83374.92522800826,8.337492522800826,Qz-exploded
BU18FA20,B,ff2,fi01,bertossaite,,1251.4897397562536,35387.507794096404,,,,9355.55847076433,10613.789024066797,,,238.3888113040319,579.5822094622393,,,43.59817960935498,28.834691750039884,,,8116.9297802623205,,,,,0.29993039028980345,243.4456924387129,44.52301668860784,0.0012320217592895406,0.006736524445041637,5.467861581378507,,,3.5387507794096402,,1.0613789024066798,0.023838881130403188,0.004359817960935498,0.12514897397562535,0.935555847076433,8725.3466814746,0.8725346681474601,46283.28380907659,4.628328380907658,2shots
BU18FA20,B,ff2,fi02,bertossaite,6381.0772727504145,,15574.203589099703,1158.1283195347987,,,275638.44512189936,11154.246228529146,731.0455925446578,5601.890015946572,8.194329012830941,,1.0441110417035089,21.29710994602646,,435.27263207945055,2.8954047089406956,,55325.3511293396,3202.475446709063,3.9395157506442047,0.3606097062975021,0.4097209360494359,0.7162001038907658,,1361.2153247768636,,0.0005261475468682139,,73.49646231182673,63.62627766540816,1.5574203589099702,0.6381077272750415,1.1154246228529145,0.0008194329012830941,,,27.563844512189938,65723.11754360948,6.572311754360948,33117.721419392095,3.311772141939209,maybe-not
BU18FA20,B,ff2,fi03,bertossaite,1139.1954217014725,874.9465028903284,27189.799492513113,46.76394136345608,,,530.2272850472945,8106.33378174283,,246.8521609521503,221.93735042449723,4.440214118606706,,,53.724956372328094,,,,1034.1874639153696,136.55451489075074,,,0.041897897114510065,0.2981387848768418,150.88581413754537,36.52532467490457,0.001975923227647251,0.008162522510900057,4.130991729177274,,64.38389743982881,2.7189799492513114,0.11391954217014724,0.810633378174283,0.022193735042449723,0.00537249563723281,0.08749465028903283,0.053022728504729444,1468.7982952403333,0.14687982952403333,36710.99100275424,3.6710991002754243,3shots
BU18FA20,B,ff2,fi04,bertossaite,3463.3649830218833,222.60299167795807,3807.2432581861794,,,,27698.83755830874,757.1652342164516,,,27.15632579177302,1940.8992449568248,,,17.52480173839425,50.017875279527516,,,6221.408419697392,,,,0.9096778819097248,0.19887492940946858,43.205352363993626,27.881725975088795,0.004603016027597694,0.007132805536757493,1.5495938953921247,,,0.3807243258186179,0.3463364983021883,0.07571652342164516,0.002715632579177302,0.001752480173839425,0.022260299167795806,2.769883755830874,8212.325539933745,0.8212325539933745,8072.454602954683,0.8072454602954682,3shots
BU18FA20,B,ff2,fi05,bertossaite,,1391.2194628215054,36377.19398808589,,,,,13623.442859590274,,2576.5753283879044,223.15278620988155,353.46679438913213,,,35.28374973432511,,,,,1785.640783708903,,,,0.37450505017105407,386.110970692465,61.049844328526724,0.0009699414898763523,0.006134414498352117,6.324520151348644,,59.065742324018174,3.637719398808589,,1.3623442859590273,0.022315278620988154,0.003528374973432511,0.13912194628215055,,4715.682906485939,0.47156829064859396,50259.07338362037,5.025907338362037,3shots
BU18FA20,B,ff2,fi07,bertossaite,2671.2825426675786,927.986191414894,32261.63132761112,58.73343697102966,,,5714.937074403177,8260.404627160884,,713.2304810811731,192.396988433563,,,,44.922526111416104,7.7941825034944605,,,8020.5231047280495,1172.328497742562,,,0.08280060346425697,0.2560442323352451,183.8811247318008,42.934168015905826,0.0013924443452730537,0.005963647234072135,4.282862187143777,,37.82594387612879,3.226163132761112,0.26712825426675785,0.8260404627160884,0.0192396988433563,0.004492252611141611,0.0927986191414894,0.5714937074403177,9972.609703026308,0.9972609703026308,43430.63801198456,4.343063801198457,
BU18FA20,B,ff4,fi06,bertossaite,4665.963761349424,346.09520102285353,25753.853930649668,,,,22668.551961866466,7693.931747903259,9.704636726734147,1443.2732938221861,834.4923759786575,610.5827268687983,,,394.0705035700081,83.84990600012964,,1.177038329199355,10808.453951985324,1185.3630241455426,,,0.18117536015828914,0.2987487530457222,19.524251823471996,9.219894596256964,0.015301418755855592,0.03240262130187544,2.1176220204728082,,54.90578076384567,2.5753853930649666,0.4665963761349424,0.7693931747903259,0.08344923759786575,0.03940705035700081,0.03460952010228535,2.2668551961866465,14131.522902821982,1.4131522902821982,39342.31231945101,3.9342312319451014,
BU18FA20,B,ff4,fi07,bertossaite,5103.994647196414,715.7743001317922,19667.541598359578,,,,,15653.52079792739,,,796.0952902453897,184.42107794504946,,,194.68463465616205,,,,3630.7324435056116,390.04221068779634,,,0.25951360629750114,0.7959063271656185,80.40450046596388,19.662873263704803,0.009898778333963215,0.04047762076739627,4.089153166357457,,,1.9667541598359577,0.5103994647196414,1.565352079792739,0.07960952902453897,0.019468463465616204,0.07157743001317922,,4205.195732138457,0.4205195732138457,41415.83696838493,4.141583696838493,3shots
BU18FA20,B,ff4,fi09,bertossaite,,473.71426441272286,39832.568262172674,,,,,10164.517321374875,138.15514018450736,1458.136719376739,598.5872316232026,1115.307421711137,0.38967641845334067,,330.0877845554992,,2.8423199653296556,,64573.35586986784,531.6467113901355,3.231996383782996,0.13709801261173127,,0.25518106827743,30.793376177378256,16.980845538271044,0.008286881789366561,0.015027583149632253,1.813418307585264,87.94316663197405,73.28117707839009,3.9832568262172674,,1.0164517321374875,0.05985872316232026,0.03300877845554992,0.047371426441272284,,67678.44672234586,6.767844672234586,50925.76059972626,5.092576059972624,
BU18FA22,C,ff2,fi01,bertossaite,4996.942197375311,346.79627324207337,30110.82288340545,32.71305247249128,,,35203.25962204412,7376.312413727304,,5098.867331192908,336.37992781992784,468.27715122739636,,,286.99381665290235,90.47546921150906,,,,15447.703238385331,,,0.16595169838846233,0.24497212986472405,25.70199072493748,21.928515359204248,0.00953125119709263,0.011171396049933665,1.172080749832859,,24.816147852636863,3.011082288340545,0.49969421973753103,0.7376312413727304,0.03363799278199278,0.028699381665290236,0.03467962732420734,3.520325962204412,21138.036242489638,2.113803624248964,43107.451238980895,4.31074512389809,
BU18FA22,C,ff2,fi02,bertossaite,,,41483.45441322946,17.434550157885287,,,,2813.937714428489,,,331.7832123058485,,,,267.1093406550242,66.21528067975575,,,,,,,,0.067832772227645,10.53477840770358,8.481254054031252,0.00643893678656232,0.007997964899471818,1.242125084402614,,,4.148345441322946,,0.2813937714428489,0.033178321230584853,0.026710934065502418,,,83.64983083764103,0.008364983083764103,44896.28468061882,4.489628468061882,
BU18FA22,C,ff2,fi03,bertossaite,3033.081512705146,448.7923677418091,35200.45700257831,,,,,9743.39444128928,,,398.1185594623988,113.52541503128796,,,330.96042174888123,,,,,,,,0.08616596973394361,0.2767973847775786,29.439757146194825,24.473600161837005,0.009402162640236163,0.011310039509806307,1.2029189392454738,,,3.520045700257831,0.3033081512705146,0.9743394441289279,0.039811855946239885,0.033096042174888124,0.04487923677418091,,113.52541503128796,0.011352541503128796,48706.01193778402,4.870601193778401,2shots
BU18FA22,C,ff1,fi04,bertossaite,4949.593571500132,1746.1321576230828,42918.43077548296,,,,17635.13975835263,,,4335.695704673483,19.336134741265454,4917.129741002492,,,124.84531723989775,,,,43667.45099101915,12292.940535809446,,,0.11532559513633418,,,,0.0029088975291989313,0.0004505321930901344,0.15488073696917212,,26.073669794508447,4.291843077548296,0.4949593571500132,,0.0019336134741265454,0.012484531723989774,0.1746132157623083,1.7635139758352631,65213.21697250457,6.521321697250457,48012.20579896425,4.801220579896426,3shots
BU18FA32,A,ff1,fi01,brazilianite,113.23312563674716,142.99619776904032,35679.313847940546,,,,49967.96907335825,1526.3535853629596,,,86.11168020477402,,,,23.571895666874276,,,,,127.03460520625293,,,0.003173635180298825,0.04277979088577856,64.75311137185939,17.72527933183144,0.0006606600050475712,0.0024134903650829174,3.653150405115159,,,3.5679313847940546,0.011323312563674717,0.15263535853629595,0.008611168020477402,0.0023571895666874274,0.014299619776904032,4.996796907335825,127.03460520625293,0.012703460520625293,37428.5841348119,3.74285841348119,
BU18FA32,A,ff1,fi03,brazilianite,1081.5223631702686,482.6857182011914,57544.17653085996,,,,31979.936663397984,11302.942108899271,,220.3018451852079,806.082073618054,0.48572278900258936,,,391.2908063675795,,,,,181.7918846317543,,,0.01879464488626867,0.1964219976775182,28.886296138226314,14.022073531751738,0.006799833275183579,0.014008056457038115,2.0600588117596064,,54.78867956620262,5.754417653085996,0.10815223631702686,1.1302942108899272,0.08060820736180539,0.03912908063675795,0.048268571820119135,3.1979936663397983,402.5794526059648,0.04025794526059648,71126.01388291514,7.112601388291513,2shots
BU18FA32,A,ff1,fi06,brazilianite,739.1791290509918,1242.8883861753995,34651.67470173566,,,,33346.535273137386,8239.227562978329,,50.85072778802768,466.72749552149014,,,,132.26539419572237,,2.2605055123487006,,,,2.2605055123487006,,0.021331699994689354,0.23777285322852335,62.29314639009934,17.653186585402185,0.0038169986107221927,0.013469118001910375,3.5287196500608524,100.0,100.0,3.465167470173566,0.07391791290509918,0.8239227562978328,0.046672749552149013,0.013226539419572237,0.12428883861753995,3.3346535273137388,50.85072778802768,0.005085072778802768,44229.074283482194,4.42290742834822,3shots
BU18FA32,A,ff1,fi09,brazilianite,902.6975207476127,1220.402324400872,33609.942754657175,,,,26016.272965208525,8387.831713254944,99.01970150574466,123.39765917418686,524.3757241568761,,1.3293792229183201,,154.0605235801344,,,,,,1.3293792229183201,,0.026858049932933312,0.24956399879891733,54.44504223622233,15.995842917292597,0.004583778220175247,0.015601803549165991,3.403699481029757,,100.0,3.3609942754657176,0.09026975207476126,0.8387831713254944,0.05243757241568761,0.01540605235801344,0.1220402324400872,2.6016272965208525,123.39765917418686,0.012339765917418685,43578.90823639674,4.357890823639674,2shots
BU18FA32,A,ff1,fi011,brazilianite,,,42093.25804243669,25.700058465144274,,,,,52.15064017972599,,,5.964521157573031,0.6367524932413924,7.650986042700508,,,,,115.39833547387857,,0.6367524932413924,,,,,,,,,,,4.209325804243669,,,,,,,147.06291509659587,0.014706291509659587,42093.25804243669,4.209325804243669,3shots
BU18FA02a,B,ff3,fi01,brazilianite,257.2684207949907,896.4154295107941,35783.57811767537,,,,96202.41331886784,17672.46846262141,534.948665213368,190.31949111880132,619.4914125460931,14.154593834651159,6.544049421782378,83.75909803673392,80.25680903246051,,21.09253084543036,,,881.150631777208,27.63658026721274,0.3102543487900187,0.0071895666763383955,0.4938709148790254,220.19899215621243,28.52738247006208,0.002242839124934169,0.017312170697655695,7.71886423114,76.3210594128896,17.762463651753414,3.578357811767537,0.025726842079499067,1.7672468462621411,0.06194914125460931,0.008025680903246051,0.0896415429510794,9.620241331886785,1085.6247167306606,0.10856247167306605,54413.06322267033,5.441306322267033,
BU18FA02a,B,ff3,fi02,brazilianite,770.7494547649299,2889.97725677287,3768.520300008269,,,,,67818.25716583946,,,3423.25183937911,3.8537695994032313,,,514.9537198183709,,6.061358886555276,,,933.2627735727489,6.061358886555276,,0.20452310015770345,17.99599093726274,131.69777118953448,19.811062798739325,0.13664613132566675,0.9083808940531908,6.647688340976591,100.0,,0.3768520300008269,0.07707494547649299,6.7818257165839455,0.342325183937911,0.051495371981837096,0.288997725677287,,937.1165431721521,0.0937116543172152,76295.73247981013,7.629573247981013,
BU18FA02a,B,ff3,fi03,brazilianite,265.8727496090759,664.7657639977755,33827.86923284285,,,,40760.18882474091,20986.559113349154,175.73167928088665,193.19816631826222,495.26494420719473,,,30.048933846921756,149.6425305283875,,,,,,,,0.007859577195921787,0.6203925813031609,140.24461521230396,42.37440860455773,0.004423646357929702,0.014640737221673755,3.3096536289410174,,100.0,3.3827869232842853,0.026587274960907594,2.0986559113349155,0.04952649442071947,0.014964253052838751,0.06647657639977755,4.076018882474091,193.19816631826222,0.019319816631826223,55725.208570536655,5.572520857053667,
BU18FA02a,B,ff3,fi04,brazilianite,2693.5024587021303,2218.663769928844,34539.24989787089,220.17373152177268,,,,6119.156571356811,,2291.309063454662,407.325414023822,48.43819244939823,,,219.2513480514394,,,,,834.3531643786441,,,0.07798381454914476,0.1771653000412732,27.909322454524528,15.022771378068096,0.006347889682020998,0.011793116967746623,1.8578011840924136,,73.30635546768552,3.453924989787089,0.26935024587021306,0.6119156571356811,0.0407325414023822,0.02192513480514394,0.2218663769928844,,3394.274151804477,0.33942741518044767,43978.485690005095,4.397848569000509,
BU18FA02a,B,ff3,fi05,brazilianite,,,47207.39219712526,,,3561.552499169104,155036.40835696558,,1373.4877712924274,,,0.4649773875839381,2.4440466911034084,113.43496441577732,,2.6678438319141287,12.723166099395966,,2067.6345203677797,871.6599124657994,15.167212790499374,0.1920942218320517,,,,,,,,83.88598666833276,,4.7207392197125255,,,,,,15.503640835696558,2942.427254053077,0.2942427254053077,47207.39219712526,4.7207392197125255,
BU18FA02a,B,ff3,fi06,brazilianite,,,47207.39219712526,35.24280388744086,,,,,26.854619831654855,,,15.76908128124034,,,,,,,10506.667849282332,1660.0574737813658,,,,,,,,,,,,4.7207392197125255,,,,,,,12217.737208232378,1.2217737208232378,47207.39219712526,4.7207392197125255,
BU18FA02a,B,ff4,fi01,brazilianite,140.1219951173715,352.2563100660623,40055.186233028755,7.131506935293089,,,,11155.577940492429,,81.59027793205202,429.11594132970714,,,6.21422772542653,77.17348998117897,,,,,33.62928959882814,,,0.003498223533456687,0.2785052071807308,144.55194320242668,25.996652340447884,0.0019266790954910894,0.010713118117420366,5.560406059572525,,70.81286597450985,4.0055186233028754,0.01401219951173715,1.115557794049243,0.042911594132970715,0.007717348998117897,0.03522563100660623,,122.35107446617324,0.012235107446617325,51857.175599949434,5.185717559994944,
BU18FA32,B,ff1,fi01,brazilianite,653.6521397828201,1481.3531681608918,35109.65130400835,28.0490636209946,,,,7982.725101677254,,,384.1284788446774,4.116530537896653,5.5207538120044415,,122.91734478722209,,4.894784937743991,,,,10.415538749748432,1.1278848575007996,0.018617448920895285,0.22736554779642296,64.94384592748786,20.78139357354203,0.003500956011294508,0.010940822952600009,3.1250958073462187,46.99502402467866,,3.510965130400835,0.065365213978282,0.7982725101677254,0.038412847884467735,0.01229173447872221,0.14813531681608919,,32.16559415889125,0.003216559415889125,44253.07436910033,4.425307436910033,
BU18FA32,B,ff1,fi02,brazilianite,1183.5109409365837,1491.2451927414,27168.603301962477,,,,,18350.546117817743,,144.5526264702671,661.7693622100037,,,,209.90589802435437,,,9.49481096467747,,262.86490932757954,,,0.04356171451960855,0.6754320755418525,87.42272747232961,27.729519022360606,0.007726046705138949,0.02435787202068654,3.152695414653007,,35.480217165220786,2.7168603301962477,0.11835109409365836,1.8350546117817743,0.06617693622100036,0.020990589802435438,0.14912451927414,,407.41753579784665,0.04074175357978466,47574.33562095117,4.757433562095117,
BU18FA32,B,ff1,fi03,brazilianite,,,42093.25804243669,,,,7520.6926276175045,,326.6987508980845,,,11.900348612095481,18.33935334368536,15.867025727217131,,,24.833508775824583,,157.75736179436393,549.719735885344,43.172862119509944,0.738492232782615,,,,,,,,57.521108299656255,,4.209325804243669,,,,,,0.7520692627617505,719.3774462918034,0.07193774462918034,42093.25804243669,4.209325804243669,
BU18FA32,B,ff1,fi04,brazilianite,,,42093.25804243669,2235.2460345311197,,39008.83099738672,,,220.21039149134197,109.89578244276949,,124.72435714275736,2.5672875592794457,,,243.29179318958447,,,1492.048203572827,6134.787038821845,2.5672875592794457,,,,,,,,,,1.7598296917266714,4.209325804243669,,,,,,,10339.993209700902,1.0339993209700902,42093.25804243669,4.209325804243669,
BU18FA32,B,ff1,fi05,brazilianite,,,42093.25804243669,,,860.273608709263,108592.2535630902,,1.2876649929636568,,,,0.5086709400706927,7.512427933559257,,3.1686843752913085,0.795731779782266,,120.69894740164064,344.2262049419818,1.3044027198529586,0.639249245782139,,,,,,,,61.00353576938006,,4.209325804243669,,,,,,10.85922535630902,468.09383671891374,0.04680938367189137,42093.25804243669,4.209325804243669,
BU18FA32,B,ff1,fi06,brazilianite,1813.7683244497332,1641.8796221966982,31011.52253189985,,,,28993.94000935586,8224.810341057424,,73.96933071846463,703.5830810999191,,,,277.64465200970375,,11.914472659538333,16.40320264101582,,,11.914472659538333,,0.05848691635775088,0.2652178825659725,29.62351437898384,11.689892156302975,0.008952951333624653,0.022687795492020164,2.534113572896512,100.0,100.0,3.101152253189985,0.18137683244497332,0.8224810341057424,0.07035830810999191,0.027764465200970374,0.1641879622196698,2.8993940009355863,73.96933071846463,0.007396933071846463,42031.328930516625,4.203132893051663,
BU18FA32,B,ff2,fi06,brazilianite,862.9396194361733,833.0064161844496,33790.40751983343,,,,4006.6500740953484,9062.737035770198,10.262298403695114,31.84191485918269,345.0632578946834,,,,131.15080310669262,1.9455096119631177,,,,,,,0.025538005687846973,0.26820443140411326,69.10165108480169,26.26398733688486,0.00388130279369117,0.010211870267979069,2.631041897730284,,100.0,3.3790407519833434,0.08629396194361733,0.9062737035770199,0.034506325789468335,0.013115080310669262,0.08330064161844496,0.4006650074095348,33.787424471145805,0.0033787424471145803,44192.298236041184,4.419229823604118,
BU18FA32,B,ff2,fi07,brazilianite,614.3111303032441,737.6268459297889,34620.9713364783,12.691522507841034,,,18256.66041843849,9020.715887337654,50.63780373443661,42.001343935904806,425.7324894843885,,,,108.44240317276922,,,,,152.73913211213335,,,0.017743902224256102,0.26055640668385865,83.18439672501495,21.188695037728476,0.0031322750051934315,0.0122969539284941,3.925885788478113,,21.5678552236588,3.46209713364783,0.06143111303032441,0.9020715887337654,0.04257324894843885,0.010844240317276922,0.0737626845929789,1.8256660418438488,207.43199855587918,0.020743199855587917,44790.17324677636,4.479017324677636,
BU18FA32,B,ff2,fi08,brazilianite,,,42093.25804243669,67.70075077061486,,335.4721633014506,254489.2605399563,,279.052165945417,,,11.055575685916518,5.925994858098603,10.713988593841702,,13.559889687689438,4.836524014067561,,868.1652865217346,1068.0214814857854,10.762518872166165,1.2252590581298048,,,,,,,,44.93858799705052,,4.209325804243669,,,,,,25.44892605399563,2028.502984151741,0.2028502984151741,42093.25804243669,4.209325804243669,
BU18FA32,B,ff2,fi09,brazilianite,313.672057255279,533.5204354605341,39226.204834219854,,,,11256.502744586865,3046.9405029713557,22.649978638465264,4.279057055573232,102.5157221015329,,3.511528579500432,8.410193546245614,51.12709317707171,,2.487311133715994,,,222.82382210174353,5.998839713216426,1.4117769714857815,0.007996492614591157,0.07767614827507578,59.59541827302196,29.72168990775509,0.0013033912761417554,0.0026134499254972794,2.005115404204258,41.46320376315507,1.8841932217904998,3.9226204834219853,0.031367205725527904,0.3046940502971356,0.01025157221015329,0.0051127093177071705,0.05335204354605341,1.1256502744586865,227.10287915731675,0.022710287915731674,42740.46020972509,4.274046020972509,
BU18FA19(2),A,ff2,fi03,augelite,441.34281919576074,,45346.51500826994,1659.2066950145636,,,,27039.13159880587,39912.11548511597,9930.284055731203,709.2342230833527,86.04336991386168,6852.633531436797,3770.998349257783,262.5553505240017,,23760.759282878123,146.56613444125097,,17444.326185477523,30613.39281431492,0.2884012859123895,0.009732673373362255,0.5962780512212391,102.9845003914101,38.12440336177644,0.005789978578863645,0.015640324795720424,2.70127507082937,77.61556984878696,36.27552673163733,4.534651500826994,0.04413428191957607,2.703913159880587,0.07092342230833527,0.02625553505240017,,,29119.86030613715,2.911986030613715,73798.77899987891,7.379877899987894,
BU18FA19(2),A,ff2,fi04,augelite,,,50600.93538149018,,,,48413.128250773465,11079.174910474829,,1969.2163644380323,318.3466354129072,,,,212.31283891186487,,,,,2338.3304869951,,,,0.21895197839618577,52.18325451846088,34.802236549805954,0.004195828344104661,0.006291319182399114,1.4994224421117508,,45.715494975588456,5.060093538149018,,1.107917491047483,0.03183466354129072,0.021231283891186486,,4.841312825077346,4307.546851433132,0.4307546851433132,62210.76976628978,6.221076976628979,
BU18FA19(2),A,ff2,fi05,augelite,504.3641981440253,1130.622651151469,43387.71509927157,,,,37736.1269025797,19343.11922119344,,124.34613114917366,668.8906183289317,,,,214.34860728255737,,,,,,,,0.011624585369154252,0.44582018612725216,90.24140378805944,28.918209780722805,0.004940306416047155,0.015416590083126127,3.120573661797535,,100.0,4.338771509927157,0.05043641981440253,1.9343119221193439,0.06688906183289317,0.021434860728255737,0.1130622651151469,3.7736126902579703,124.34613114917366,0.012434613114917366,64118.437744220515,6.411843774422052,
BU18FA19(2),A,ff2,fi06,augelite,,,44099.35461307099,,,,2277409.849875791,21150.194945099956,,1434.9493785398704,397.9833640865928,,,,,,,,,5704.925343619026,,,,0.4796032760722323,,53.143414659156754,,0.009024698152127404,,,20.0976828639086,4.409935461307099,,2.115019494509996,0.039798336408659284,,,227.7409849875791,7139.8747221588965,0.7139874722158897,65647.53292225754,6.564753292225754,
BU18FA19(2),A,ff2,fi07,augelite,,,35306.513503012095,1383.1232426936897,,,,37610.933170036194,,,49.20721149745904,45.17942599561494,,71.93737085317004,,,,,,,,,,1.0652689670654538,,764.3378282465436,,0.0013937148309266232,,,,3.5306513503012096,,3.7610933170036196,0.004920721149745904,,,,1428.3026686893047,0.14283026686893047,72966.65388454574,7.296665388454575,true?
BU18FA32,AII,incC,fi01,wyllieite,5266.452235291134,2005.2691220848774,26058.34020831483,,,,,16511.252190163024,,5557.2227255473845,875.0955668495841,,1.908968381646471,,310.0508014355141,,,24.836836699148915,,87455.07319139234,1.908968381646471,,0.20210236696544037,0.6336263959319454,53.253376910225846,18.86794176046953,0.011898332701043695,0.03358216831363473,2.822426398506152,,5.974718364666541,2.605834020831483,0.5266452235291134,1.6511252190163024,0.08750955668495841,0.031005080143551408,0.20052691220848773,,93012.29591693972,9.301229591693971,49021.19100205408,4.902119100205408,
BU18FA32,AII,incC,fi02,wyllieite,1060.731362140738,328.47829900380555,48894.041223031294,,,,52374.586052706116,3115.5842676531947,,,151.560718115556,,,,45.835827431161796,,,,,,,,0.021694491508733905,0.06372114453459442,67.97268517367364,20.556673961374,0.0009374522188108897,0.003099778916293875,3.30659937017994,,,4.889404122303129,0.1060731362140738,0.3115584267653195,0.0151560718115556,0.00458358274311618,0.03284782990038056,5.237458605270612,,,53267.75339837195,5.326775339837195,
BU18FA32,AII,incC,fi04,wyllieite,3385.413107682413,,36217.07928139091,6268.051803060541,,,55385.75240558084,11358.443784244198,,241921.74149516763,539.8613401489164,,7.452381394785614,,190.09987163568007,,,,,247442.84777685572,7.452381394785614,,0.09347559700712556,0.31362119777782316,59.74987613885542,21.039557641062174,0.005248901220296838,0.014906263863919817,2.8398827179827992,,49.435890295014886,3.6217079281390907,0.3385413107682413,1.1358443784244199,0.05398613401489164,0.01900998716356801,,5.5385752405580835,495632.64107508387,49.56326410750839,51690.89738510211,5.169089738510212,
BU18FA32,AII,incC,fi05,wyllieite,74.0218495788715,,52855.86157057731,,,859.5166248089134,121633.76751517123,12.320057934818923,7.616443778463035,,,2.351070346460827,,0.5002662342160389,,0.05275388053251194,,,517.5299893383408,33509.7172929759,,,0.0014004473180336242,0.00023308782732390447,,,,,,,,5.285586157057732,0.00740218495788715,0.0012320057934818924,,,,12.163376751517124,34029.65110654124,3.402965110654124,52942.203478091,5.294220347809101,
BU18FA32,AII,incC,fi06,wyllieite,1229.5783768464894,485.4214230678366,48198.52871048443,284.02980269930595,,,42605.521353677614,3298.3968691781765,,17680.798735370594,233.29277004671096,,,,84.57707699608802,,,,,46628.327166054696,,,0.025510703536870082,0.0684335592273108,38.99870965428066,14.138444446940024,0.001754764704626561,0.004840246710600602,2.758345148975786,,27.493452115135547,4.819852871048443,0.12295783768464894,0.3298396869178177,0.023329277004671096,0.008457707699608803,0.04854214230678366,4.260552135367761,64593.1557041246,6.45931557041246,53044.3738035519,5.30443738035519,
BU18FA32,AII,incC,fi07,wyllieite,1047.3818132117528,439.8547183880728,47916.06056072283,731.5922537627104,,,58307.47967850021,4817.103672711319,,21174.093586254716,219.66908369795942,,,,65.63405602366176,,,,,47099.96635884637,,,0.021858679552431735,0.10053213090434936,73.39335650648655,21.92891048489436,0.0013697715391373913,0.004584456258034365,3.346876560832481,,31.013379903408005,4.791606056072283,0.10473818132117528,0.48171036727113187,0.02196690836979594,0.006563405602366176,0.04398547183880728,5.830747967850021,69005.6521988638,6.90056521988638,54065.84918636752,5.406584918636752,
BU18FA32,AII,incC,fi08,wyllieite,1439.359635341866,678.3073482320212,46601.23331615013,403.394668952799,,,31307.262750479644,4810.447345652107,,34207.956789112395,270.7095975858739,,,,103.29491821682632,,,,,54615.71297902193,,,0.030886728374269038,0.1032257518383102,46.57002908463028,17.76977022074789,0.0022165704825032693,0.005809065089529653,2.6207445851075413,,38.51220837689884,4.660123331615013,0.14393596353418658,0.48104473456521074,0.02707095975858739,0.010329491821682631,0.06783073482320212,3.1307262750479645,89227.06443708713,8.922706443708712,53225.044812946806,5.322504481294681,
BU18FA19(2),A,ff1,fi01,augelite,395.90587897448455,3132.505030984228,31200.121469313577,,,,269005.5656962094,37352.219900431184,,308.32764480272186,1961.3151371651206,,57.998706030463154,,426.37762897672224,,104.41108285365269,,,,162.40978888411584,0.5554841923415044,0.012689241590417268,1.197181874345214,87.60361088848403,19.044476429432944,0.013665896441976346,0.06286241991378602,4.599948505441398,64.28866361506883,100.0,3.1200121469313578,0.03959058789744845,3.7352219900431183,0.19613151371651205,0.042637762897672224,0.31325050309842284,26.90055656962094,308.32764480272186,0.030832764480272185,71335.94001486109,7.133594001486109,
BU18FA19(2),A,ff1,fi07,augelite,461.01919188688316,1153.8058140240823,45334.51752861258,,,,,18399.457793639787,,53.031863935492225,462.48501085607836,,,,141.18587219886714,,,,,,,,0.0101692753561547,0.40585979065569827,130.32081402396452,39.7839008005506,0.003114312887740751,0.0102016087535107,3.2757173480123125,,100.0,4.533451752861258,0.04610191918868831,1.8399457793639786,0.04624850108560784,0.014118587219886715,0.11538058140240823,,53.031863935492225,0.005303186393549222,64798.6653971942,6.47986653971942,2shots
BU18FA19(2),A,ff1,fi08,augelite,,,41756.75084989727,,,,51897.336781515936,24813.774283304327,,259.09401514973035,1173.6156403032674,,,,362.3088256336756,,,,,,,,,0.594245811234266,68.48791011343764,21.143016019190355,0.008676652715055942,0.028106009601227264,3.2392687046765194,,100.0,4.175675084989726,,2.4813774283304326,0.11736156403032673,0.03623088256336756,,5.189733678151594,259.09401514973035,0.025909401514973035,68106.44959913853,6.810644959913854,2shots
BU18FA19(2),A,ff1,fi09,augelite,,,39412.13771223256,1601.5323644551245,,,,17377.345506521116,,,1160.9060065163696,130.17956435824934,,,543.7122661793923,,,,,19425.547952034278,,,,0.44091354885141426,31.96055448340325,14.968779047553394,0.013795553799930962,0.029455545268635683,2.1351477219264,,,3.941213771223256,,1.7377345506521116,0.11609060065163697,0.05437122661793923,,,21157.25988084765,2.115725988084765,58494.10149144944,5.849410149144943,
BU18FA19(2),A,ff1,fi010,augelite,,1816.6959768031443,36149.07968215837,,,,87628.0994534009,34711.336597268535,,,2204.3219231097396,,,,567.4573065184684,,,,,,,,,0.9602273945137407,61.169952696941486,15.746945232164473,0.01569769718919126,0.06097864572186323,3.884559944489847,,,3.6149079682158374,,3.4711336597268536,0.22043219231097397,0.05674573065184684,0.18166959768031443,8.76280994534009,,,73632.19550905512,7.363219550905512,
BU18FA19(2),A,ff1b,fi01,augelite,,,43475.86574923563,,,,707728.8649185068,19703.08030015897,,,1277.7928549967435,,,,370.58866567720827,,,,,,,,,0.453195812449241,53.1669803342578,15.41962002926459,0.008524008879195782,0.02939085474150009,3.4480084615154745,,,4.347586574923563,,1.970308030015897,0.12777928549967435,0.037058866567720825,,70.77288649185068,,,64827.32757006854,6.482732757006854,
BU18FA19(2),A,ff2b,fi01,augelite,524.5380869351035,,40132.17057497637,,,,90148.86392255896,27079.742842091695,,966.4265597639777,1361.5490923551945,,,,370.4566141556358,,,,,,,,0.013070264563815269,0.6747639724968362,73.09828413730247,19.888921372089065,0.009230913973704347,0.03392662477130409,3.6753267193204495,,100.0,4.013217057497637,0.05245380869351035,2.7079742842091696,0.13615490923551946,0.03704566141556358,,9.014886392255896,966.4265597639777,0.09664265597639778,69468.45721051401,6.946845721051399,
BU18FA20,C,ff1,fi01,bertossaite,4261.345724625666,527.5827330501468,45152.27706352507,105.32761489208856,,,39076.634938797775,15579.987549518633,,508.46223822764335,1092.2292303621919,311.9626094016827,,,698.6413403155577,10.817566877546794,,,11053.436549504298,2038.329080312892,,,0.09437720535401453,0.34505430429564016,22.300408880014984,14.264393514127237,0.015473003484024384,0.02418990361937952,1.5633618672906773,,19.964817475466454,4.5152277063525075,0.4261345724625666,1.5579987549518632,0.10922292303621918,0.06986413403155577,0.052758273305014675,3.9076634938797774,14028.33565921615,1.4028335659216151,66784.48090834712,6.678448090834712,3shots
BU18FA20,C,ff1,fi02,bertossaite,9317.186372473334,455.4911966234818,31922.519991273944,511.44701246916264,,,66244.9830076515,10984.64824796971,,1963.6490414188372,976.7651455867988,,,,705.5063339325692,,,,7818.190190060883,5210.41954530863,,,0.2918687614580615,0.3441034182443108,15.569878992779673,11.245946169967604,0.02210058398038188,0.03059799620624558,1.3844881308750319,,27.371484084383113,3.1922519991273943,0.9317186372473334,1.098464824796971,0.09767651455867987,0.07055063339325691,0.04554911966234818,6.624498300765151,15503.705789257514,1.5503705789257514,53906.62609123635,5.390662609123636,2shots
BU18FA20,C,ff1,fi04,bertossaite,3411.082036997829,,52091.55947042685,576.3570077685735,,,103224.21914904438,10877.32543461859,,2217.256829625374,1481.4339343824568,328.41191812256096,,,1342.2062407383094,,,,,18186.447141482324,,,0.06548243269496186,0.20881166824721015,8.104064118071216,7.342430318469016,0.025766290247085034,0.028439039826087156,1.1037304770446918,,10.866932948865957,5.209155947042685,0.3411082036997829,1.087732543461859,0.14814339343824567,0.13422062407383092,,10.322421914904439,21308.472896998832,2.1308472896998834,69203.60711716404,6.920360711716404,2shots
BU18FA20,C,ff1,fi08,bertossaite,9006.634103080527,443.13163561005683,31013.191627674052,70.3509628265705,,,167590.04781285723,9643.545672437946,,2056.96931088938,864.2412487824462,,,,723.6121056929421,,,,11294.046508204387,3011.3033449626064,,,0.29041300267346953,0.3109497980153937,13.326954588747707,11.158395512854648,0.023332397206330745,0.027866891584652526,1.1943432703559256,,40.58521414617145,3.101319162767405,0.9006634103080527,0.9643545672437945,0.08642412487824462,0.07236121056929422,0.04431316356100568,16.75900478128572,16432.670126882946,1.6432670126882947,51251.224757667915,5.1251224757667915,2shots
BU18FA20,C,ff1,fi09,bertossaite,,1167.438435523562,47045.90753679304,,,,,32706.46199726168,513.8601023646971,,2577.120584035647,5794.403358993072,,,1738.2415677979195,,,,45811.4505266597,,,,,0.6952031262588152,18.81583239244224,12.69108717685415,0.03694777418075097,0.05477884727848361,1.4826020915495974,,,4.704590753679304,,3.2706461997261678,0.2577120584035647,0.17382415677979196,0.1167438435523562,,51605.85388565277,5.160585388565277,84067.73168588827,8.40677316858883,
BU18FA22,A,ff2,fi01,quartz,273.6804111592496,2278.5125077268717,45421.87384235462,4551.344414697955,634.2185922678259,,,18597.376943428746,,327.7866842666373,1693.4021513346495,9.823343638090824,,,636.9948623608669,,25.21200578671961,,,585.3882256844472,25.21200578671961,,0.006025299883248109,0.40943658572903735,29.195489700657994,10.98225659437794,0.014023967055425334,0.03728164446081482,2.6584235625676245,100.0,35.895279282716565,4.542187384235461,0.027368041115924963,1.8597376943428745,0.16934021513346495,0.06369948623608669,0.22785125077268717,,5474.3426682871295,0.547434266828713,66623.32821063812,6.662332821063813,
BU18FA22,A,ff2,fi02,quartz,,,39987.019960643825,854.3359216472593,33155.91529459472,,,39042.46336446092,,,,,,,,,,,,,,,,0.9763784198694336,,,,,,,,3.9987019960643826,,3.904246336446092,,,,,854.3359216472593,0.08543359216472593,79029.48332510475,7.902948332510475,
BU18FA22,A,ff3a,fi01,quartz,1256.1556140864523,1268.87931827585,42742.61303486873,77.074490673178,3882.9893744323367,,,33088.35170750849,217.59987742652245,555.8542745306119,1641.5270248126799,16.75197565722634,,,442.03890871524726,,,82.08686763441919,,629.7323829289404,,,0.029388835283928497,0.7741302966319712,74.85393492549623,20.157055721506815,0.01034187845171373,0.038404929138832686,3.713535149165159,,46.88432271342219,4.274261303486873,0.12561556140864522,3.3088351707508488,0.16415270248126798,0.04420389087152472,0.126887931827585,,1279.4131237899567,0.12794131237899567,79170.6862899916,7.917068628999161,
BU18FA22,A,ff3a,fi04,quartz,546.218778292211,1449.0858201719873,50872.93568908897,45.0741964078681,354.0566074028228,,,17135.4048902086,,397.85658399573134,556.3265855035665,47.78307742777315,,,207.50551125953152,72.33512177794313,,,,5435.938854352843,,,0.010736922705432979,0.3368275224951041,82.57807123386226,30.800981539823873,0.004078897913965608,0.010935610024622294,2.6810207696496176,,6.819858327229181,5.087293568908897,0.0546218778292211,1.7135404890208599,0.05563265855035666,0.020750551125953153,0.14490858201719872,,5998.987833962158,0.5998987833962158,69318.39145435288,6.931839145435287,
BU18FA22,A,ff3a,fi05,quartz,,,42103.816497480155,,17842.648487230923,,,50128.35876199015,,,,164.369200480987,,,,,,,,18215.699496353707,,,,1.1905894270888782,,,,,,,,4.210381649748015,,5.0128358761990155,,,,,18380.068696834693,1.8380068696834693,92232.1752594703,9.223217525947032,
BU18FA22,A,ff3b,fi01,quartz,138.16339933229904,1374.3017111461343,55484.415414939416,223.3522197691763,239.89477749384818,,,11635.377435291291,,155.04281932197762,476.87151435427245,2.6796360946632505,,,181.7978861438553,96.06739100190053,,,,8824.713757418598,,,0.0024901298553665204,0.20970532623037091,64.00172016348037,24.399397080881744,0.003276557656492952,0.008594692956355322,2.623086134108994,,1.726581539232038,5.548441541493942,0.013816339933229903,1.1635377435291292,0.04768715143542725,0.01817978861438553,0.13743017111461342,,9301.855823606316,0.9301855823606316,67916.62565006115,6.791662565006114,
BU18FA22,A,ff3b,fi02,quartz,,,68387.40184167911,,,,345124.6614127845,,1766.5186948945243,55365.23795342384,,27.373329859605537,3370.7430943162844,301775.4169187883,366.02038224744086,2905.793036920853,137.96772169161474,25552.65483629574,,6596944.834769697,3508.710816007899,24.431389117597845,,,,,0.005352160959335752,,,3.9321485561637157,0.8322708555098982,6.838740184167911,,,,0.03660203822474409,,34.512466141278445,6655243.239089901,665.52432390899,68753.42222392655,6.875342222392655,
BU18FA04,C,ff8,fi01,trolleite,249.7200574747703,613.8716502811063,25510.131587559026,2461.9002684379843,,,,43421.77608621131,,684.5370070970356,1578.5157252272902,28.654740457694775,,,164.4159831957782,,8.117655339054139,,,1107.9428899583468,8.117655339054139,,0.009789054071228534,1.7021384596615552,264.097049704145,27.507978154578733,0.006445124856822057,0.0618779922717887,9.60074376313934,100.0,38.18938266596835,2.551013158755903,0.02497200574747703,4.342177608621131,0.15785157252272902,0.01644159831957782,0.06138716502811063,,4283.034905951062,0.4283034905951062,70924.55943966817,7.092455943966818,
BU18FA04,C,ff8,fi03,trolleite,1402.5998729294693,1400.8512751614035,19672.84112066972,23.472580613791315,,,506568.75690878154,46602.1420108521,,553.6527631848647,2041.015676491434,,,,301.84571623384136,,,,,,,,0.07129625377067655,2.368856726133395,154.39060256448758,22.832819241723097,0.01534327016531945,0.10374788592924661,6.761784470415506,,100.0,1.967284112066972,0.14025998729294692,4.66021420108521,0.20410156764914342,0.030184571623384136,0.14008512751614036,50.65687569087815,577.1253437986561,0.05771253437986561,70020.44439717656,7.002044439717657,
BU18FA19,E,ff11b,fi03,quartz,6671.636617375858,,30244.154308925004,716.7549420473918,74512.83612656998,,51032.88039082167,17512.519194139284,,11741.999244491184,1060.3191168260491,301.4685820712042,,,91.48799337505405,768.1962004588986,,,120528.56124230061,27631.077705225638,,,0.22059259945671775,0.5790381511501337,191.4187703554378,16.516272239400077,0.0030249810406520797,0.03505864657333634,11.589707869963682,,29.822406969835857,3.0244154308925006,0.6671636617375858,1.7512519194139284,0.10603191168260491,0.009148799337505405,,5.103288039082167,161688.05791659493,16.168805791659494,55580.117230641255,5.5580117230641255,
BU18FA19,E,ff11b,fi04,quartz,,1745.4188689725684,47119.49432641707,14135.332836617492,16182.059457210386,,,32719.616440325768,2635.596328084712,6092.234974808553,1737.9920366627475,303.60271251218717,20.27689380644196,164.79873311698825,298.8014469284563,148.06304453306078,,177.27330881821996,,1677.5803304292183,20.27689380644196,,,0.6943965954656233,109.50287147759364,18.82610262308982,0.00634135512699966,0.03688477691680914,5.816544914787125,,78.40900633380137,4.711949432641707,,3.2719616440325767,0.17379920366627474,0.02988014469284563,0.17454188689725683,,22356.813898900513,2.2356813898900514,81875.90425033405,8.187590425033404,
BU18FA04,C,ff8,fi04,trolleite,2377.4986070571535,1092.7250646768978,22106.38362428181,375.8084082929262,,,67444.93485598546,34274.76703158064,,268.32370489963307,2041.947399643016,,1.5754561168658416,,367.421390892469,,,,,953.1531031810016,1.5754561168658416,,0.1075480570438347,1.550446586565746,93.28462599394935,16.785332980454214,0.01662060141256622,0.09236912895151816,5.557508218786915,,21.967155096564053,2.210638362428181,0.23774986070571535,3.4274767031580637,0.2041947399643016,0.0367421390892469,0.10927250646768978,6.744493485598546,1597.2852163735606,0.15972852163735607,61168.01805345509,6.116801805345509,2shots
BU18FA04,C,ff8,fi05,trolleite,94.88914305565031,1501.6309003610393,48343.525617520594,66.26960372810831,,,,5404.915037851938,,62.92210931141839,1612.5275627123247,,,,300.2589989491569,,,,,,,,0.0019628097422265934,0.11180225208674263,18.00084279494703,3.3518280014765716,0.006210945418518203,0.033355605370410026,5.370455401356265,,100.0,4.834352561752059,0.009488914305565031,0.5404915037851938,0.16125275627123248,0.03002589989491569,0.15016309003610392,,129.1917130395267,0.012919171303952669,55756.11636008966,5.575611636008966,
