sample,piece,field,analysis,XCO2(mol%),XN2(mol%),XCH4(mol%),area_CO2_v1,area_CO2_v2,area_N2,area_CH4,CO2_v1_mol,CO2_v2_mol,N2_mol,CH4_mol,laser,rest,cross_section_CO2_v1,cross_section_CO2_v2,cross_section_N2,cross_section_CH4
BU18FA02a,A,ff1,fi01,0.968,0.032,0.0,6323.276831411268,9195.463819464701,417.25920655924637,0.0,6323.276831411268,6130.309212976467,417.25920655924637,0.0,532,v_150 (500nm)_532nm_edge_100%_x100_vis_ld_h30um_30sx2_01,1.0,1.5,1.0,7.5
BU18FA02a,A,ff1,fi01,0.962,0.038,0.0,927.9692648672454,1300.0045451303513,71.19273529141424,0.0,927.9692648672454,866.6696967535676,71.19273529141424,0.0,532,v_1800 (450-850nm)_532nm_edge_100%_x100_vis_ld_h50um_30sx2_01,1.0,1.5,1.0,7.5
BU18FA02a,A,ff1,fi01,0.963,0.037,0.0,933.8621784528505,1397.6004909034527,71.34103585675584,0.0,933.8621784528505,931.7336606023018,71.34103585675584,0.0,532,v_1800 (450-850nm)_532nm_edge_100%_x100_vis_ld_h50um_30sx2_edited,1.0,1.5,1.0,7.5
BU18FA02a,A,ff1,fi02,0.944,0.056,0.0,55548.4551125197,80785.93023166785,6520.559227508975,0.0,55548.4551125197,53857.2868211119,6520.559227508975,0.0,532,v_150 (500nm)_532nm_edge_100%_x100_vis_ld_h50um_30sx2_01,1.0,1.5,1.0,7.5
BU18FA02a,A,ff1,fi02,0.95,0.05,0.0,8170.905671130427,12274.867097084883,859.0119908836652,0.0,8170.905671130427,8183.244731389922,859.0119908836652,0.0,532,v_1800 (450-850nm)_532nm_edge_100%_x100_vis_ld_h100um_30sx2_01,1.0,1.5,1.0,7.5
BU18FA02a,A,ff1,fi03,0.94,0.06,0.0,41521.16046612973,58575.872963462374,5168.847070316968,0.0,41521.16046612973,39050.58197564158,5168.847070316968,0.0,532,v_150 (500nm)_532nm_edge_100%_x100_vis_ld_h50um_30sx2_01,1.0,1.5,1.0,7.5
BU18FA02a,A,ff1,fi03,0.947,0.053,0.0,4642.840920858569,6947.610562338987,523.6688276707034,0.0,4642.840920858569,4631.740374892658,523.6688276707034,0.0,532,v_1800 (450-850nm)_532nm_edge_100%_x100_vis_ld_h100um_30sx2_01,1.0,1.5,1.0,7.5
BU18FA02a,A,ff1,fi04,0.944,0.056,0.0,27657.174405492304,40230.14200337309,3240.5568885941134,34.584374926450174,27657.174405492304,26820.094668915393,3240.5568885941134,4.611249990193357,532,v_150 (500nm)_532nm_edge_100%_x100_vis_ld_h50um_30sx2_01,1.0,1.5,1.0,7.5
BU18FA02a,A,ff1,fi04,0.948,0.052,0.0,4709.739087819871,6971.995424048831,517.286393772083,0.0,4709.739087819871,4647.996949365887,517.286393772083,0.0,532,v_1800 (450-850nm)_532nm_edge_100%_x100_vis_ld_h100um_30sx2_01,1.0,1.5,1.0,7.5
BU18FA02a,A,ff1,fi05,0.947,0.053,0.0,42854.351232787274,63340.219673882704,4762.579406875717,108.77274457792132,42854.351232787274,42226.8131159218,4762.579406875717,14.503032610389509,532,v_150 (500nm)_532nm_edge_100%_x100_vis_ld_h50um_30sx2_01,1.0,1.5,1.0,7.5
BU18FA02a,A,ff1,fi05,0.952,0.048,0.0,2778.518363667211,4092.156903274412,279.1030385017608,0.0,2778.518363667211,2728.104602182941,279.1030385017608,0.0,532,v_1800 (450-850nm)_532nm_edge_100%_x100_vis_ld_h50um_30sx2_01,1.0,1.5,1.0,7.5
BU18FA04,A,ff3,fi01,0.983,0.017,0.0,14.706309091286453,21.35209611992935,0.4532655374228156,0.0,13.369371901169501,13.345060074955843,0.4532655374228156,0.0,633,v_150 (500nm)_633nm_edge_100%_x100_vis_ld_h100um_0_5sx60_01,1.1,1.6,1.0,7.2
BU18FA04,A,ff3,fi01,0.97,0.026,0.004,706.3991767417859,861.0249993144105,31.67710289842134,32.40135631878452,642.1810697652598,538.1406245715065,31.67710289842134,4.5001883776089615,633,v_150 (500nm)_633nm_edge_100%_x100_vis_ld_h100um_45sx2_01,1.1,1.6,1.0,7.2
BU18FA04,A,ff3,fi02,0.961,0.038,0.0,2884.854685027754,4406.209682482167,215.10845454981433,13.169375095306425,2622.595168207049,2753.8810515513546,215.10845454981433,1.8290798743481145,633,v_150 (500nm)_633nm_edge_100%_x100_vis_ld_h50um_45sx2_01,1.1,1.6,1.0,7.2
BU18FA04,A,ff3,fi02,0.963,0.037,0.0,189.91888472577926,264.68411065169136,12.995365214188615,0.0,172.65353156889023,165.4275691573071,12.995365214188615,0.0,633,v_1800 (450-850nm)_633nm_edge_100%_x100_vis_ld_h50um_45sx2_01,1.1,1.6,1.0,7.2
BU18FA04,A,ff3,fi03,0.938,0.062,0.0,3218.997589884253,4105.381439122419,363.3204370027566,0.0,2926.3614453493205,2565.8633994515117,363.3204370027566,0.0,633,v_150 (500nm)_633nm_edge_100%_x100_vis_ld_h50um_45sx2_01,1.1,1.6,1.0,7.2
BU18FA04,A,ff3,fi03,0.976,0.024,0.0,601.5622494465828,817.3826524638132,25.79273877383941,0.0,546.8747722241661,510.8641577898832,25.79273877383941,0.0,633,v_1800 (450-850nm)_633nm_edge_100%_x100_vis_ld_h50um_45sx2_01,1.1,1.6,1.0,7.2
BU18FA04,A,ff3,fi04,0.878,0.112,0.009,1268.3275238493077,1305.3635031465294,251.79169429788297,150.97483490946104,1153.0250216811887,815.8521894665809,251.79169429788297,20.968727070758476,633,v_150 (500nm)_633nm_edge_100%_x100_vis_ld_h50um_45sx2_01,1.1,1.6,1.0,7.2
BU18FA04,A,ff3,fi05,0.983,0.016,0.001,1669.9985225024723,2181.4849851342874,48.13279778557522,15.539449496928551,1518.1804750022475,1363.4281157089295,48.13279778557522,2.15825687457341,633,v_150 (500nm)_633nm_edge_100%_x100_vis_ld_h50um_45sx2_02,1.1,1.6,1.0,7.2
BU18FA04,A,ff3,fi05,1.0,0.0,0.0,70.10708027420176,66.83656338631283,0.0,0.0,63.73370934018342,41.77285211644552,0.0,0.0,633,v_1800 (450-850nm)_633nm_edge_100%_x100_vis_ld_h50um_45sx2_01,1.1,1.6,1.0,7.2
BU18FA04,A,ff3,fi06,0.948,0.052,0.0,1178.9307339819134,1734.8188316268217,118.12692077047596,0.0,1071.7552127108302,1084.2617697667636,118.12692077047596,0.0,633,v_150 (500nm)_633nm_edge_100%_x100_vis_ld_h50um_45sx2_01,1.1,1.6,1.0,7.2
BU18FA04,A,ff3,fi06,0.994,0.006,0.0,118.2926982196515,148.68119137135434,1.1835789412041868,0.0,107.53881656331953,92.92574460709646,1.1835789412041868,0.0,633,v_1800 (450-850nm)_633nm_edge_100%_x100_vis_ld_h50um_45sx2_01,1.1,1.6,1.0,7.2
BU18FA04,A,ff3,fi07,0.941,0.049,0.01,744.5317583311081,749.2166336423417,59.959654228869994,83.8112964273311,676.84705302828,468.2603960264635,59.959654228869994,11.64045783712932,633,v_150 (500nm)_633nm_edge_100%_x100_vis_ld_h50um_45sx2_01,1.1,1.6,1.0,7.2
BU18FA04,A,ff3,fi08,0.914,0.086,0.0,1505.9072251066825,1685.2944454131502,227.72251706811068,0.0,1369.0065682788022,1053.309028383219,227.72251706811068,0.0,633,v_150 (500nm)_633nm_edge_100%_x100_vis_ld_h50um_45sx2_01,1.1,1.6,1.0,7.2
BU18FA04,A,ff3,fi09,0.884,0.111,0.005,445.29146681852836,579.9758644157879,96.17876982737668,31.403299123564764,404.8104243804803,362.4849152598674,96.17876982737668,4.361569322717329,633,v_150 (500nm)_633nm_edge_100%_x100_vis_ld_h50um_45sx2_01,1.1,1.6,1.0,7.2
BU18FA04,A,ff3,fi010,0.975,0.023,0.002,5051.8384799013775,6863.735721863351,208.4779351492943,127.13800161471704,4592.580436273979,4289.834826164594,208.4779351492943,17.65805577982181,633,v_150 (500nm)_633nm_edge_100%_x100_vis_ld_h50um_45sx2_01,1.1,1.6,1.0,7.2
BU18FA04,A,ff3,fi010,0.968,0.032,0.0,292.90325163825105,387.13373528553547,17.06577816427364,0.0,266.2756833075009,241.95858455345964,17.06577816427364,0.0,633,v_1800 (450-850nm)_633nm_edge_100%_x100_vis_ld_h50um_45sx2_01,1.1,1.6,1.0,7.2
BU18FA19(2),A,ff1,fi01,0.953,0.047,0.0,57782.38212941823,69617.93605931314,5177.22219317845,0.0,57782.38212941823,46411.957372875426,5177.22219317845,0.0,532,v_150 (500nm)_532nm_edge_100%_x100_vis_ld_h50um_30sx2_01,1.0,1.5,1.0,7.5
BU18FA19(2),A,ff1,fi01,0.96,0.04,0.0,6203.14043312752,9709.106069545693,528.2097501256508,0.0,6203.14043312752,6472.737379697129,528.2097501256508,0.0,532,v_1800 (450-850nm)_532nm_edge_100%_x100_vis_ld_h100um_30sx2_01,1.0,1.5,1.0,7.5
BU18FA19(2),A,ff1,fi02,0.915,0.085,0.0,109536.98848112565,16797.35394682892,11166.2151191882,97.73750715816422,109536.98848112565,11198.235964552614,11166.2151191882,13.031667621088562,532,v_150 (500nm)_532nm_edge_100%_x100_vis_ld_h50um_30sx2_01,1.0,1.5,1.0,7.5
BU18FA19(2),A,ff1,fi02,0.956,0.044,0.0,4008.328218744618,6147.36056402985,368.9764752136215,0.0,4008.328218744618,4098.2403760199,368.9764752136215,0.0,532,v_1800 (450-850nm)_532nm_edge_100%_x100_vis_ld_h50um_30sx2_01,1.0,1.5,1.0,7.5
BU18FA19(2),A,ff1,fi03,0.954,0.046,0.0,88665.86977162557,0.0,4249.620583852894,0.0,88665.86977162557,0.0,4249.620583852894,0.0,532,v_150 (500nm)_532nm_edge_100%_x100_vis_ld_h50um_30sx2_01,1.0,1.5,1.0,7.5
BU18FA19(2),A,ff1,fi03,0.975,0.025,0.0,9012.090221773067,14392.09922350501,480.1757130467479,0.0,9012.090221773067,9594.732815670008,480.1757130467479,0.0,532,v_1800 (450-850nm)_532nm_edge_100%_x100_vis_ld_h100um_30sx2_01,1.0,1.5,1.0,7.5
BU18FA19(2),A,ff1,fi04,0.955,0.045,0.0,38148.37209834204,0.0,1781.9871245491145,4.300569816890166,38148.37209834204,0.0,1781.9871245491145,0.5734093089186888,532,v_150 (500nm)_532nm_edge_100%_x100_vis_ld_h50um_30sx2_01,1.0,1.5,1.0,7.5
BU18FA19(2),A,ff1,fi04,0.975,0.025,0.0,4742.4915807744665,7377.03426691205,250.38432032796572,0.0,4742.4915807744665,4918.022844608034,250.38432032796572,0.0,532,v_1800 (450-850nm)_532nm_edge_100%_x100_vis_ld_h100um_30sx2_01,1.0,1.5,1.0,7.5
BU18FA19(2),A,ff1,fi05,0.952,0.048,0.0,30383.441580297356,0.0,1521.0547606540295,66.8737417225501,30383.441580297356,0.0,1521.0547606540295,8.916498896340013,532,v_150 (500nm)_532nm_edge_100%_x100_vis_ld_h50um_30sx2_01,1.0,1.5,1.0,7.5
BU18FA19(2),A,ff1,fi05,0.972,0.028,0.0,2108.9400333011986,3189.7402268249266,122.72717265511815,0.0,2108.9400333011986,2126.493484549951,122.72717265511815,0.0,532,v_1800 (450-850nm)_532nm_edge_100%_x100_vis_ld_h100um_30sx2_01,1.0,1.5,1.0,7.5
BU18FA19(2),A,ff1,fi06,0.912,0.088,0.0,30084.808643172917,0.0,2890.5954077572997,0.0,30084.808643172917,0.0,2890.5954077572997,0.0,532,v_150 (500nm)_532nm_edge_100%_x100_vis_ld_h50um_30sx2_01,1.0,1.5,1.0,7.5
BU18FA19(2),A,ff1,fi06,0.788,0.212,0.0,415.76108488336814,0.0,111.97759751228243,0.0,415.76108488336814,0.0,111.97759751228243,0.0,532,v_150 (500nm)_532nm_edge_100%_x100_vis_ld_h50um_30sx2_02,1.0,1.5,1.0,7.5
BU18FA19(2),A,ff1,fi06,0.949,0.051,0.0,2058.778528132942,3173.375918555852,225.582762852118,0.0,2058.778528132942,2115.5839457039015,225.582762852118,0.0,532,v_1800 (450-850nm)_532nm_edge_100%_x100_vis_ld_h100um_30sx2_01,1.0,1.5,1.0,7.5
BU18FA19(2),A,ff1,fi07,0.93,0.07,0.0,38380.47000940699,0.0,2877.8183475091932,61.304225989293755,38380.47000940699,0.0,2877.8183475091932,8.173896798572502,532,v_150 (500nm)_532nm_edge_100%_x100_vis_ld_h50um_30sx2_01,1.0,1.5,1.0,7.5
BU18FA19(2),A,ff1,fi07,0.958,0.042,0.0,5474.4575540171345,8774.145889139323,492.72548656141856,0.0,5474.4575540171345,5849.430592759549,492.72548656141856,0.0,532,v_1800 (450-850nm)_532nm_edge_100%_x100_vis_ld_h100um_30sx2_01,1.0,1.5,1.0,7.5
BU18FA19(2),A,ff1,fi08,0.927,0.073,0.0,60225.45272863013,0.0,4729.769655372898,0.0,60225.45272863013,0.0,4729.769655372898,0.0,532,v_150 (500nm)_532nm_edge_100%_x100_vis_ld_h50um_30sx2_01,1.0,1.5,1.0,7.5
BU18FA19(2),A,ff1,fi08,0.964,0.036,0.0,6606.572677612412,10402.231420480834,506.8403516976581,0.0,6606.572677612412,6934.820946987223,506.8403516976581,0.0,532,v_1800 (450-850nm)_532nm_edge_100%_x100_vis_ld_h100um_30sx2_01,1.0,1.5,1.0,7.5
BU18FA19(2),A,ff1,fi09,0.908,0.092,0.0,114065.05016121018,0.0,11610.086639049365,0.0,114065.05016121018,0.0,11610.086639049365,0.0,532,v_150 (500nm)_532nm_edge_100%_x100_vis_ld_h50um_30sx2_01,1.0,1.5,1.0,7.5
BU18FA19(2),A,ff1,fi09,0.954,0.046,0.0,12783.508405539033,20849.537924368167,1283.3441222204635,0.0,12783.508405539033,13899.691949578779,1283.3441222204635,0.0,532,v_1800 (450-850nm)_532nm_edge_100%_x100_vis_ld_h100um_30sx2_01,1.0,1.5,1.0,7.5
BU18FA19(2),A,ff1b,fi01,0.953,0.047,0.0,53461.91711461051,0.0,2648.898128757688,0.0,53461.91711461051,0.0,2648.898128757688,0.0,532,v_150 (500nm)_532nm_edge_100%_x100_vis_ld_h50um_30sx2_01,1.0,1.5,1.0,7.5
BU18FA19(2),A,ff1b,fi01,0.975,0.025,0.0,7582.341429530561,11688.088452527925,398.14049743121234,0.0,7582.341429530561,7792.05896835195,398.14049743121234,0.0,532,v_1800 (450-850nm)_532nm_edge_100%_x100_vis_ld_h100um_30sx2_02,1.0,1.5,1.0,7.5
BU18FA19(2),A,ff2,fi01,0.935,0.065,0.0,104743.18218237285,0.0,7282.3960502551445,0.0,104743.18218237285,0.0,7282.3960502551445,0.0,532,v_150 (500nm)_532nm_edge_100%_x100_vis_ld_h50um_30sx2_01,1.0,1.5,1.0,7.5
BU18FA19(2),A,ff2,fi01,0.961,0.039,0.0,13580.852983999432,22382.2085304054,1168.4517232563683,0.0,13580.852983999432,14921.472353603602,1168.4517232563683,0.0,532,v_1800 (450-850nm)_532nm_edge_100%_x100_vis_ld_h100um_30sx2_01,1.0,1.5,1.0,7.5
BU18FA19(2),A,ff2,fi02,0.928,0.072,0.0,52242.51943088055,0.0,4063.465477522283,0.0,52242.51943088055,0.0,4063.465477522283,0.0,532,v_150 (500nm)_532nm_edge_100%_x100_vis_ld_h50um_30sx2_01,1.0,1.5,1.0,7.5
BU18FA19(2),A,ff2,fi02,0.963,0.037,0.0,1789.8786237312495,2815.285776954132,139.74154502434305,0.0,1789.8786237312495,1876.857184636088,139.74154502434305,0.0,532,v_1800 (450-850nm)_532nm_edge_100%_x100_vis_ld_h50um_30sx2_01,1.0,1.5,1.0,7.5
BU18FA19(2),A,ff2,fi03,0.949,0.05,0.001,26972.059996262153,0.0,1421.7372563839251,156.95173955765904,26972.059996262153,0.0,1421.7372563839251,20.92689860768787,532,v_150 (500nm)_532nm_edge_100%_x100_vis_ld_h50um_30sx2_01,1.0,1.5,1.0,7.5
BU18FA19(2),A,ff2,fi03,0.97,0.03,0.0,1927.0136298703403,2874.4206208127985,117.93876489855653,0.0,1927.0136298703403,1916.280413875199,117.93876489855653,0.0,532,v_1800 (450-850nm)_532nm_edge_100%_x100_vis_ld_h100um_30sx2_01,1.0,1.5,1.0,7.5
BU18FA19(2),A,ff2,fi05,0.927,0.073,0.0,77682.36942147058,0.0,6110.146171389353,0.0,77682.36942147058,0.0,6110.146171389353,0.0,532,v_150 (500nm)_532nm_edge_100%_x100_vis_ld_h50um_30sx2_01,1.0,1.5,1.0,7.5
BU18FA19(2),A,ff2,fi05,0.958,0.042,0.0,5457.786790067308,8563.67514949725,486.077123444412,0.0,5457.786790067308,5709.1167663315,486.077123444412,0.0,532,v_1800 (450-850nm)_532nm_edge_100%_x100_vis_ld_h100um_30sx2_01,1.0,1.5,1.0,7.5
BU18FA19(2),A,ff2b,fi01,0.906,0.094,0.0,56283.810434431594,0.0,5811.163283152504,9.817309969958313,56283.810434431594,0.0,5811.163283152504,1.3089746626611083,532,v_150 (500nm)_532nm_edge_100%_x100_vis_ld_h50um_30sx2_01,1.0,1.5,1.0,7.5
BU18FA19(2),A,ff2b,fi01,0.954,0.046,0.0,6198.188067087862,9800.472097477523,619.4334391851542,0.0,6198.188067087862,6533.6480649850155,619.4334391851542,0.0,532,v_1800 (450-850nm)_532nm_edge_100%_x100_vis_ld_h100um_30sx2_01,1.0,1.5,1.0,7.5
BU18FA19(2),A,ff2b,fi02,0.908,0.092,0.0,58806.05795635142,0.0,5971.640850170435,0.0,58806.05795635142,0.0,5971.640850170435,0.0,532,v_150 (500nm)_532nm_edge_100%_x100_vis_ld_h50um_30sx2_01,1.0,1.5,1.0,7.5
BU18FA19(2),A,ff2b,fi02,0.947,0.053,0.0,6081.525626811766,9697.526686593628,702.28300040855,0.0,6081.525626811766,6465.017791062419,702.28300040855,0.0,532,v_1800 (450-850nm)_532nm_edge_100%_x100_vis_ld_h100um_30sx2_01,1.0,1.5,1.0,7.5
BU18FA19(2),A,ff2b,fi03,0.947,0.053,0.0,43076.40067712217,0.0,2415.2582563249703,0.0,43076.40067712217,0.0,2415.2582563249703,0.0,532,v_150 (500nm)_532nm_edge_100%_x100_vis_ld_h50um_30sx2_01,1.0,1.5,1.0,7.5
BU18FA19(2),A,ff2b,fi03,0.962,0.038,0.0,3863.0660588048345,6362.674175788779,317.31941316700403,0.0,3863.0660588048345,4241.782783859187,317.31941316700403,0.0,532,v_1800 (450-850nm)_532nm_edge_100%_x100_vis_ld_h100um_30sx2_01,1.0,1.5,1.0,7.5
BU18FA19(2),A,ff2b,fi04,0.911,0.089,0.0,59035.46742752996,0.0,5750.756573428429,8.505658349406994,59035.46742752996,0.0,5750.756573428429,1.1340877799209326,532,v_150 (500nm)_532nm_edge_100%_x100_vis_ld_h50um_30sx2_01,1.0,1.5,1.0,7.5
BU18FA19(2),A,ff2b,fi04,0.944,0.056,0.0,3544.229924615523,5867.226863973282,440.1778828819511,0.0,3544.229924615523,3911.484575982188,440.1778828819511,0.0,532,v_1800 (450-850nm)_532nm_edge_100%_x100_vis_ld_h50um_30sx2_01,1.0,1.5,1.0,7.5
BU18FA19(2),A,ff2b,fi05,0.948,0.052,0.0,86775.73271173397,0.0,4737.474674482116,0.0,86775.73271173397,0.0,4737.474674482116,0.0,532,v_150 (500nm)_532nm_edge_100%_x100_vis_ld_h50um_30sx2_01,1.0,1.5,1.0,7.5
BU18FA19(2),A,ff2b,fi05,0.971,0.029,0.0,8708.449980285894,14338.182495287614,537.390620790236,0.0,8708.449980285894,9558.788330191743,537.390620790236,0.0,532,v_1800 (450-850nm)_532nm_edge_100%_x100_vis_ld_h100um_30sx2_01,1.0,1.5,1.0,7.5
BU18FA19,A,ff07a,fi01,0.913,0.087,0.0,39798.519538119246,0.0,3785.375290749619,0.0,39798.519538119246,0.0,3785.375290749619,0.0,532,v_150 (500nm)_532nm_edge_100%_x100_vis_ld_h50um_30sx2_01_0,1.0,1.5,1.0,7.5
BU18FA19,A,ff07a,fi02,0.881,0.119,0.0,1655.7344477462862,25.263319533803895,226.30500640086154,0.0,1655.7344477462862,16.84221302253593,226.30500640086154,0.0,532,v_150 (500nm)_532nm_edge_10%_x100_vis_ld_h50um_20sx2_01_0,1.0,1.5,1.0,7.5
BU18FA19,A,ff07a,fi03,0.874,0.126,0.0,31323.35035018417,0.0,4507.010721751733,0.0,31323.35035018417,0.0,4507.010721751733,0.0,532,v_150 (500nm)_532nm_edge_100%_x100_vis_ld_h50um_30sx2_01_0,1.0,1.5,1.0,7.5
BU18FA19,A,ff07a,fi04,0.873,0.127,0.0,30764.09981532509,0.0,4489.229132041012,0.0,30764.09981532509,0.0,4489.229132041012,0.0,532,v_150 (500nm)_532nm_edge_100%_x100_vis_ld_h50um_30sx2_01_0,1.0,1.5,1.0,7.5
BU18FA19,A,ff07a,fi05,0.88,0.119,0.001,32617.31772588346,0.0,4420.1799599497635,206.9591050358832,32617.31772588346,0.0,4420.1799599497635,27.59454733811776,532,v_150 (500nm)_532nm_edge_100%_x100_vis_ld_h50um_30sx2_01_0,1.0,1.5,1.0,7.5
BU18FA19,A,ff07a,fi06,0.886,0.113,0.001,33362.193779335634,0.0,4265.024255062909,354.79059790558244,33362.193779335634,0.0,4265.024255062909,47.30541305407766,532,v_150 (500nm)_532nm_edge_100%_x100_vis_ld_h50um_30sx2_01_0,1.0,1.5,1.0,7.5
BU18FA19,A,ff07a,fi07,0.876,0.124,0.0,22688.92438691685,0.0,3206.9460119517325,0.0,22688.92438691685,0.0,3206.9460119517325,0.0,532,v_150 (500nm)_532nm_edge_100%_x100_vis_ld_h50um_30sx2_01_0,1.0,1.5,1.0,7.5
BU18FA19,A,ff07a,fi08,0.881,0.119,0.0,41403.88347249884,0.0,5597.822342920628,0.0,41403.88347249884,0.0,5597.822342920628,0.0,532,v_150 (500nm)_532nm_edge_100%_x100_vis_ld_h50um_30sx2_01_0,1.0,1.5,1.0,7.5
BU18FA19,A,ff07b,fi01,0.94,0.06,0.0,3870.451677025614,12133.045599021318,758.6562572360268,0.0,3870.451677025614,8088.6970660142115,758.6562572360268,0.0,532,v_150 (500nm)_532nm_edge_100%_x100_vis_ld_h50um_15sx2_01_0,1.0,1.5,1.0,7.5
BU18FA19,A,ff07b,fi02,0.966,0.034,0.0,8608.522515817198,18019.368583389805,731.0311797224316,0.0,8608.522515817198,12012.912388926537,731.0311797224316,0.0,532,v_150 (500nm)_532nm_edge_100%_x100_vis_ld_h50um_15sx2_01_0,1.0,1.5,1.0,7.5
BU18FA19,A,ff07b,fi03,0.926,0.074,0.0,2510.3450087789724,12041.660695738281,836.5487843929205,0.0,2510.3450087789724,8027.773797158854,836.5487843929205,0.0,532,v_150 (500nm)_532nm_edge_100%_x100_vis_ld_h50um_15sx2_01_0,1.0,1.5,1.0,7.5
BU18FA19,A,ff07b,fi04,0.925,0.075,0.0,3892.693520413121,15296.122602405045,1139.5248183575904,0.0,3892.693520413121,10197.41506827003,1139.5248183575904,0.0,532,v_150 (500nm)_532nm_edge_100%_x100_vis_ld_h50um_15sx2_01_0,1.0,1.5,1.0,7.5
BU18FA19,A,ff07b,fi05,0.94,0.06,0.0,11263.464512961069,22909.065635957395,1701.9804921286116,0.0,11263.464512961069,15272.710423971597,1701.9804921286116,0.0,532,v_150 (500nm)_532nm_edge_100%_x100_vis_ld_h50um_15sx2_01_0,1.0,1.5,1.0,7.5
BU18FA19,A,ff07b,fi06,0.938,0.062,0.0,13861.131889626098,29545.905044547228,2210.961275658276,74.26005975032761,13861.131889626098,19697.270029698153,2210.961275658276,9.901341300043681,532,v_150 (500nm)_532nm_edge_100%_x100_vis_ld_h50um_15sx2_01_0,1.0,1.5,1.0,7.5
BU18FA19,A,ff07b,fi06,0.937,0.063,0.0,2343.1686789176856,5705.267329510718,410.2942534636924,0.0,2343.1686789176856,3803.5115530071453,410.2942534636924,0.0,532,v_1800 (450-850nm)_532nm_edge_100%_x100_vis_ld_h50um_60sx2_01,1.0,1.5,1.0,7.5
BU18FA19,A,ff07b,fi07,0.931,0.068,0.001,17309.84290906176,32554.46284002366,2858.9689583131494,163.3432218677923,17309.84290906176,21702.97522668244,2858.9689583131494,21.77909624903897,532,v_150 (500nm)_532nm_edge_100%_x100_vis_ld_h50um_15sx2_01_0,1.0,1.5,1.0,7.5
BU18FA19,A,ff07b,fi08,0.906,0.094,0.0,1301.53903811921,12331.22524404142,985.5994023845869,0.0,1301.53903811921,8220.816829360947,985.5994023845869,0.0,532,v_150 (500nm)_532nm_edge_100%_x100_vis_ld_h50um_15sx2_01_0,1.0,1.5,1.0,7.5
BU18FA19,A,ff07b,fi09,0.932,0.068,0.0,23979.669133826024,37456.938825465484,3573.632082564355,0.0,23979.669133826024,24971.29255031032,3573.632082564355,0.0,532,v_150 (500nm)_532nm_edge_100%_x100_vis_ld_h50um_15sx2_01_0,1.0,1.5,1.0,7.5
BU18FA19,A,ff07b,fi010,0.91,0.088,0.002,9992.558658143505,17206.617940685035,2076.1884050926524,291.4838874833046,9992.558658143505,11471.078627123357,2076.1884050926524,38.864518331107284,532,v_150 (500nm)_532nm_edge_100%_x100_vis_ld_h50um_15sx2_01_0,1.0,1.5,1.0,7.5
BU18FA19,A,ff07b,fi011,0.864,0.136,0.0,6847.357240098858,8330.435353512996,1946.461930891834,0.0,6847.357240098858,5553.623569008664,1946.461930891834,0.0,532,v_150 (500nm)_532nm_edge_100%_x100_vis_ld_h50um_15sx2_01_0,1.0,1.5,1.0,7.5
BU18FA19,B,ff1,fi01,0.999,0.0,0.001,315.31527513725723,22798.878277835018,0.0,93.9448227240108,315.31527513725723,15199.252185223346,0.0,12.52597636320144,532,v_150 (500nm)_532nm_edge_100%_x100_vis_h30um_15sx2_01,1.0,1.5,1.0,7.5
BU18FA19,B,ff1,fi01,1.0,0.0,0.0,1367.915367939134,2113.5812573307644,0.0,0.0,1367.915367939134,1409.054171553843,0.0,0.0,532,v_1800 (450-850nm)_532nm_edge_100%_x100_vis_h30um_30sx2_01,1.0,1.5,1.0,7.5
BU18FA19,B,ff1,fi02,1.0,0.0,0.0,50968.938510523156,98145.28903557871,0.0,96.93956740738791,50968.938510523156,65430.192690385804,0.0,12.925275654318389,532,v_150 (500nm)_532nm_edge_100%_x100_vis_h50um_15sx2_01,1.0,1.5,1.0,7.5
BU18FA19,B,ff1,fi03,0.9,0.1,0.0,16422.80391803336,5112.487826138874,2210.608519572105,0.0,16422.80391803336,3408.325217425916,2210.608519572105,0.0,532,v_150 (500nm)_532nm_edge_100%_x100_vis_h50um_15sx2_01,1.0,1.5,1.0,7.5
BU18FA19,B,ff1,fi04,0.91,0.09,0.0,59459.09627660058,19600.074259615823,7139.633726506209,0.0,59459.09627660058,13066.716173077215,7139.633726506209,0.0,532,v_150 (500nm)_532nm_edge_100%_x100_vis_h50um_15sx2_01,1.0,1.5,1.0,7.5
BU18FA19,B,ff1,fi05,0.923,0.077,0.0,41643.44934585392,0.0,3498.45725121034,0.0,41643.44934585392,0.0,3498.45725121034,0.0,532,v_150 (500nm)_532nm_edge_100%_x100_vis_h50um_15sx2_01,1.0,1.5,1.0,7.5
BU18FA19,B,ff1,fi06,0.878,0.122,0.0,10669.03901635861,0.0,1486.9386529524722,0.0,10669.03901635861,0.0,1486.9386529524722,0.0,532,v_150 (500nm)_532nm_edge_100%_x100_vis_h50um_15sx2_01,1.0,1.5,1.0,7.5
BU18FA19,B,ff1,fi07,0.861,0.137,0.003,7397.592055916624,0.0,1173.9871360372335,179.85657151860875,7397.592055916624,0.0,1173.9871360372335,23.980876202481166,532,v-2_150 (500nm)_532nm_edge_100%_x100_vis_h50um_15sx2_01,1.0,1.5,1.0,7.5
BU18FA19,B,ff1,fi07,0.871,0.129,0.0,7110.487792498349,0.0,1056.0523840142084,0.0,7110.487792498349,0.0,1056.0523840142084,0.0,532,v_150 (500nm)_532nm_edge_100%_x100_vis_h50um_15sx2_01,1.0,1.5,1.0,7.5
BU18FA19,B,ff1,fi08,0.781,0.219,0.0,2633.491213865931,0.0,739.8482788856548,0.0,2633.491213865931,0.0,739.8482788856548,0.0,532,v_150 (500nm)_532nm_edge_100%_x100_vis_h50um_15sx2_01,1.0,1.5,1.0,7.5
BU18FA19,B,ff1,fi09,0.851,0.149,0.0,9120.422138493463,0.0,1591.9385949908444,0.0,9120.422138493463,0.0,1591.9385949908444,0.0,532,v_150 (500nm)_532nm_edge_100%_x100_vis_h50um_15sx2_01,1.0,1.5,1.0,7.5
BU18FA19,B,ff1,fi010,0.896,0.104,0.0,6120.17187372255,0.0,712.4879211093981,0.0,6120.17187372255,0.0,712.4879211093981,0.0,532,v_150 (500nm)_532nm_edge_100%_x100_vis_h50um_15sx2_01,1.0,1.5,1.0,7.5
BU18FA19,B,ff1,fi010,1.0,0.0,0.0,5589.632854315998,0.0,0.0,0.0,5589.632854315998,0.0,0.0,0.0,532,v_150 (500nm)_532nm_edge_100%_x100_vis_h50um_15sx2_02,1.0,1.5,1.0,7.5
BU18FA19,C,ore1,fi01,0.862,0.135,0.003,7430.413932999969,0.0,1167.0012148410588,196.0275377457773,7430.413932999969,0.0,1167.0012148410588,26.137005032770308,532,v_150 (500nm)_532nm_edge_100%_x100_vis_h50um_15sx2_01_0,1.0,1.5,1.0,7.5
BU18FA19,C,ore1,fi02,0.719,0.277,0.004,2350.0319025150193,0.0,906.6211288965343,98.34853326349992,2350.0319025150193,0.0,906.6211288965343,13.113137768466656,532,v_150 (500nm)_532nm_edge_100%_x100_vis_h50um_15sx2_01_0,1.0,1.5,1.0,7.5
BU18FA19,C,ore1,fi03,0.895,0.104,0.001,3487.425036759673,0.0,404.3623646378003,24.431318290114397,3487.425036759673,0.0,404.3623646378003,3.2575091053485865,532,v_150 (500nm)_532nm_edge_100%_x100_vis_h50um_15sx2_01_0,1.0,1.5,1.0,7.5
BU18FA19,C,ore1,fi04,0.932,0.067,0.001,24864.43726858987,0.0,1797.5778579704652,212.52255782546993,24864.43726858987,0.0,1797.5778579704652,28.33634104339599,532,v_150 (500nm)_532nm_edge_100%_x100_vis_h50um_15sx2_01_0,1.0,1.5,1.0,7.5
BU18FA19,C,ore1,fi05,0.885,0.113,0.002,7696.689403502412,0.0,981.8700280963642,155.89265983365945,7696.689403502412,0.0,981.8700280963642,20.78568797782126,532,v_150 (500nm)_532nm_edge_100%_x100_vis_h50um_15sx2_01_0,1.0,1.5,1.0,7.5
BU18FA19,C,ore1,fi06,0.859,0.141,0.0,8389.65234203741,0.0,1375.0759531519054,0.0,8389.65234203741,0.0,1375.0759531519054,0.0,532,v_150 (500nm)_532nm_edge_100%_x100_vis_h50um_15sx2_01_0,1.0,1.5,1.0,7.5
BU18FA19,C,ore1,fi07,0.85,0.15,0.0,11321.442775070664,0.0,2005.231706039968,0.0,11321.442775070664,0.0,2005.231706039968,0.0,532,v_150 (500nm)_532nm_edge_100%_x100_vis_h50um_15sx2_01_0,1.0,1.5,1.0,7.5
BU18FA19,C,ore1,fi08,0.843,0.156,0.002,4841.193247908375,0.0,894.4251201228337,78.21378423927315,4841.193247908375,0.0,894.4251201228337,10.42850456523642,532,v_150 (500nm)_532nm_edge_100%_x100_vis_h50um_15sx2_01_0,1.0,1.5,1.0,7.5
BU18FA19,C,ore1,fi010,0.956,0.044,0.0,11938.205584553052,17447.7027689679,1094.6940701955366,0.0,11938.205584553052,11631.801845978602,1094.6940701955366,0.0,532,v_150 (500nm)_532nm_edge_100%_x50_vis_ld_h50um_15sx2_01_0,1.0,1.5,1.0,7.5
BU18FA19,D,ff2,fi01,0.851,0.149,0.0,8908.411922034222,0.0,1565.7431927224716,0.0,8908.411922034222,0.0,1565.7431927224716,0.0,532,v_150 (500nm)_532nm_edge_100%_x100_vis_h50um_15sx2_01_0,1.0,1.5,1.0,7.5
BU18FA19,D,ff2,fi02,0.845,0.155,0.0,4911.691253181112,0.0,904.1278906306411,0.0,4911.691253181112,0.0,904.1278906306411,0.0,532,v_150 (500nm)_532nm_edge_100%_x100_vis_h50um_15sx2_01_0,1.0,1.5,1.0,7.5
BU18FA19,D,ff2,fi02,0.838,0.162,0.0,4374.819904702786,0.0,846.8608797941358,0.0,4374.819904702786,0.0,846.8608797941358,0.0,532,v_150 (500nm)_532nm_edge_100%_x100_vis_h50um_15sx2_02_0,1.0,1.5,1.0,7.5
BU18FA19,D,ff2,fi03,0.772,0.228,0.0,1840.3400891819642,0.0,543.5981750059217,0.0,1840.3400891819642,0.0,543.5981750059217,0.0,532,v_150 (500nm)_532nm_edge_100%_x100_vis_h50um_15sx2_01_0,1.0,1.5,1.0,7.5
BU18FA19,D,ff2,fi03,0.881,0.119,0.0,3929.8504571822286,0.0,531.6653874646275,0.0,3929.8504571822286,0.0,531.6653874646275,0.0,532,v_150 (500nm)_532nm_edge_100%_x100_vis_h50um_15sx2_02_0,1.0,1.5,1.0,7.5
BU18FA19,D,ff2,fi03,0.806,0.194,0.0,1563.1429803354463,0.0,376.79616709888967,0.0,1563.1429803354463,0.0,376.79616709888967,0.0,532,v_150 (500nm)_532nm_edge_100%_x100_vis_h50um_15sx2_03_0,1.0,1.5,1.0,7.5
BU18FA19,D,ff2,fi03,0.755,0.245,0.0,3736.6058078635733,0.0,1212.1443342940045,0.0,3736.6058078635733,0.0,1212.1443342940045,0.0,532,v_150 (500nm)_532nm_edge_100%_x100_vis_h50um_15sx2_04_0,1.0,1.5,1.0,7.5
BU18FA19,D,ff2,fi04,0.834,0.166,0.0,2843.0412305355976,0.0,567.4621367367844,0.0,2843.0412305355976,0.0,567.4621367367844,0.0,532,v_150 (500nm)_532nm_edge_100%_x100_vis_h50um_15sx2_01_0,1.0,1.5,1.0,7.5
BU18FA19,D,ff2,fi05,0.853,0.146,0.001,11078.028645980208,0.0,1900.6481966894119,77.68191438661316,11078.028645980208,0.0,1900.6481966894119,10.357588584881755,532,v_150 (500nm)_532nm_edge_100%_x100_vis_h50um_15sx2_01_0,1.0,1.5,1.0,7.5
BU18FA19,D,ff2,fi06,0.843,0.157,0.0,50258.85817129077,0.0,9378.860557440032,0.0,50258.85817129077,0.0,9378.860557440032,0.0,532,v_150 (500nm)_532nm_edge_100%_x100_vis_ld_h50um_30sx2_01_0,1.0,1.5,1.0,7.5
BU18FA19,D,ff2,fi06,0.895,0.105,0.0,503.6707675855228,914.5283277640193,130.84811205510792,0.0,503.6707675855228,609.6855518426795,130.84811205510792,0.0,532,v_1800 (450-850nm)_532nm_edge_100%_x100_vis_ld_h50um_30sx2_01,1.0,1.5,1.0,7.5
BU18FA19,D,ff2,fi07,0.848,0.152,0.0,54294.309116057906,0.0,9727.989105045688,0.0,54294.309116057906,0.0,9727.989105045688,0.0,532,v_150 (500nm)_532nm_edge_100%_x100_vis_ld_h50um_30sx2_01_0,1.0,1.5,1.0,7.5
BU18FA19,D,ff2,fi07,0.931,0.069,0.0,1533.1589794804042,2949.4322109869954,258.5801515776197,0.0,1533.1589794804042,1966.288140657997,258.5801515776197,0.0,532,v_1800 (450-850nm)_532nm_edge_100%_x100_vis_ld_h50um_30sx2_01,1.0,1.5,1.0,7.5
BU18FA19,D,ff2,fi08,0.814,0.186,0.0,5862.160302367676,0.0,1339.7945703987025,0.0,5862.160302367676,0.0,1339.7945703987025,0.0,532,v_150 (500nm)_532nm_edge_100%_x100_vis_ld_h50um_30sx2_01_0,1.0,1.5,1.0,7.5
BU18FA19,D,ff2,fi08,0.908,0.092,0.0,239.26860264837052,541.7215837322925,61.04350451028187,0.0,239.26860264837052,361.14772248819503,61.04350451028187,0.0,532,v_1800 (450-850nm)_532nm_edge_100%_x100_vis_ld_h50um_30sx2_01,1.0,1.5,1.0,7.5
BU18FA19,D,ff2,fi09,0.847,0.153,0.0,28004.683496522295,0.0,5068.4216521284025,2.8638958728420167,28004.683496522295,0.0,5068.4216521284025,0.3818527830456022,532,v_150 (500nm)_532nm_edge_100%_x100_vis_ld_h50um_30sx2_01_0,1.0,1.5,1.0,7.5
BU18FA19,D,ff2,fi09,0.917,0.083,0.0,1773.6577521082804,3235.5901723818297,357.2680231333601,0.0,1773.6577521082804,2157.06011492122,357.2680231333601,0.0,532,v_1800 (450-850nm)_532nm_edge_100%_x100_vis_ld_h50um_30sx2_01,1.0,1.5,1.0,7.5
BU18FA19,D,ff2,fi010,0.849,0.151,0.0,16293.881739111765,0.0,2909.2429008262693,0.0,16293.881739111765,0.0,2909.2429008262693,0.0,532,v_150 (500nm)_532nm_edge_100%_x100_vis_ld_h50um_30sx2_01_0,1.0,1.5,1.0,7.5
BU18FA19,D,ff2,fi010,0.888,0.112,0.0,250.554713483541,508.51880180775254,74.62437294430408,0.0,250.554713483541,339.0125345385017,74.62437294430408,0.0,532,v_1800 (450-850nm)_532nm_edge_100%_x100_vis_ld_h50um_30sx2_01,1.0,1.5,1.0,7.5
BU18FA19,D,ore2,fi01,0.999,0.0,0.001,2486.4493085699205,5202.965101009292,0.0,34.91722319987756,2486.4493085699205,3468.6434006728614,0.0,4.6556297599836745,532,v_150 (500nm)_532nm_edge_100%_x100_vis_ld_h50um_15sx2_01_0,1.0,1.5,1.0,7.5
BU18FA19,D,ore2,fi02,0.996,0.004,0.0,17669.88575034476,29336.577569962996,147.3665606646005,0.0,17669.88575034476,19557.71837997533,147.3665606646005,0.0,532,v_150 (500nm)_532nm_edge_100%_x100_vis_ld_h50um_15sx2_01_0,1.0,1.5,1.0,7.5
BU18FA19,D,ore2,fi03,0.982,0.018,0.0,13098.740015643558,23611.81847092875,531.0569381951595,0.0,13098.740015643558,15741.2123139525,531.0569381951595,0.0,532,v_150 (500nm)_532nm_edge_100%_x100_vis_ld_h50um_15sx2_01_0,1.0,1.5,1.0,7.5
BU18FA19,D,ore2,fi04,0.994,0.006,0.0,11359.76776330167,19821.598716523273,151.74752915963649,31.24936470192337,11359.76776330167,13214.399144348848,151.74752915963649,4.166581960256449,532,v_150 (500nm)_532nm_edge_100%_x100_vis_ld_h50um_15sx2_01_0,1.0,1.5,1.0,7.5
BU18FA19,D,ore2,fi05,1.0,0.0,0.0,7779.963875200824,12880.455462626664,2.1463993165574067,0.0,7779.963875200824,8586.970308417776,2.1463993165574067,0.0,532,v_150 (500nm)_532nm_edge_100%_x100_vis_ld_h50um_15sx2_01_0,1.0,1.5,1.0,7.5
BU18FA19,D,ore2,fi07,0.968,0.032,0.0,11762.57043034373,18769.77397655788,815.1983193000979,0.0,11762.57043034373,12513.182651038587,815.1983193000979,0.0,532,v_150 (500nm)_532nm_edge_100%_x100_vis_ld_h50um_15sx2_01_0,1.0,1.5,1.0,7.5
BU18FA19,D,ore2,fi08,0.962,0.038,0.0,13959.268158605913,21896.95045491657,1127.767899838685,52.87103602017731,13959.268158605913,14597.966969944378,1127.767899838685,7.049471469356974,532,v_150 (500nm)_532nm_edge_100%_x100_vis_ld_h50um_15sx2_01_0,1.0,1.5,1.0,7.5
BU18FA19,D,ore2,fi09,0.949,0.051,0.0,36405.4906779042,59341.092380558475,4066.5984543839536,0.0,36405.4906779042,39560.72825370565,4066.5984543839536,0.0,532,v_150 (500nm)_532nm_edge_100%_x100_vis_ld_h50um_15sx2_01_0,1.0,1.5,1.0,7.5
BU18FA19,D,ore2,fi011,0.879,0.121,0.0,18646.108536571857,0.0,2567.399108950829,0.0,18646.108536571857,0.0,2567.399108950829,0.0,532,v_150 (500nm)_532nm_edge_100%_x100_vis_ld_h50um_30sx2_01_0,1.0,1.5,1.0,7.5
BU18FA19,D,ore2,fi011,0.946,0.054,0.0,941.664524491755,1397.5279706068602,106.25608965719528,0.0,941.664524491755,931.6853137379068,106.25608965719528,0.0,532,v_1800 (450-850nm)_532nm_edge_100%_x100_vis_ld_h50um_30sx2_01,1.0,1.5,1.0,7.5
BU18FA19,D,ore2,fi012,0.956,0.044,0.0,1183.057803774311,1784.8032171029356,110.20026041150064,0.0,1183.057803774311,1189.8688114019571,110.20026041150064,0.0,532,v_1800 (450-850nm)_532nm_edge_100%_x100_vis_ld_h50um_30sx2_01,1.0,1.5,1.0,7.5
BU18FA19,D,ore2,fi13,0.843,0.157,0.0,3907.9167086019665,0.0,730.3119493262394,0.0,3907.9167086019665,0.0,730.3119493262394,0.0,532,v_150 (500nm)_532nm_edge_100%_x100_vis_ld_h50um_30sx2_01_0,1.0,1.5,1.0,7.5
BU18FA19,D,ore2,fi13,0.887,0.113,0.0,214.73694618485584,248.16001779535287,48.33834144236089,0.0,214.73694618485584,165.44001186356857,48.33834144236089,0.0,532,v_1800 (450-850nm)_532nm_edge_100%_x100_vis_ld_h50um_30sx2_01,1.0,1.5,1.0,7.5
BU18FA19,E,ff11,fi01,0.816,0.17,0.013,1100.7595048816022,0.0,208.80277509107165,118.40212568179166,1000.6904589832747,0.0,208.80277509107165,16.444739678026618,633,v_150 (500nm)_633nm_edge_100%_x100_vis_h50um_60sx2_01_0,1.1,1.6,1.0,7.2
BU18FA19,E,ff11,fi02,0.867,0.133,0.0,834.7161075722313,0.0,116.15131295875855,0.0,758.8328250656648,0.0,116.15131295875855,0.0,633,v_150 (500nm)_633nm_edge_100%_x100_vis_h50um_60sx2_01_0,1.1,1.6,1.0,7.2
BU18FA19,E,ff11,fi03,0.898,0.093,0.01,1083.6608295604526,0.0,101.5051230951144,76.14154949745529,985.1462086913205,0.0,101.5051230951144,10.5752152079799,633,v_150 (500nm)_633nm_edge_100%_x100_vis_h50um_60sx2_01_0,1.1,1.6,1.0,7.2
BU18FA19,E,ff11,fi04,0.847,0.153,0.0,490.35555925682735,0.0,80.7425490158273,0.0,445.7777811425703,0.0,80.7425490158273,0.0,633,v_150 (500nm)_633nm_edge_100%_x100_vis_h50um_60sx2_01_0,1.1,1.6,1.0,7.2
BU18FA19,E,ff11,fi05,0.94,0.05,0.01,321.9456275485419,0.0,15.507556566125825,23.36725067965887,292.67784322594713,0.0,15.507556566125825,3.245451483285954,633,v_150 (500nm)_633nm_edge_100%_x100_vis_h50um_60sx2_01_0,1.1,1.6,1.0,7.2
BU18FA19,E,ff11,fi06,0.776,0.209,0.014,285.1863591344152,0.0,69.95132645246356,33.88112845732117,259.260326485832,0.0,69.95132645246356,4.705712285739051,633,v_150 (500nm)_633nm_edge_100%_x100_vis_h50um_60sx2_01_0,1.1,1.6,1.0,7.2
BU18FA19,E,ff11,fi07,0.943,0.057,0.0,1525.5580506876383,0.0,83.66443718428636,0.0,1386.8709551705801,0.0,83.66443718428636,0.0,633,v_150 (500nm)_633nm_edge_100%_x100_vis_h50um_60sx2_01_0,1.1,1.6,1.0,7.2
BU18FA19,E,ff11,fi08,0.948,0.052,0.0,663.3836324596914,0.0,32.96054591584784,0.0,603.0760295088103,0.0,32.96054591584784,0.0,633,v_150 (500nm)_633nm_edge_100%_x100_vis_h50um_60sx2_01_0,1.1,1.6,1.0,7.2
BU18FA19,E,ff11,fi09,0.97,0.006,0.024,746.9295109982831,0.0,4.3011016961559445,120.08453538316716,679.0268281802573,0.0,4.3011016961559445,16.67840769210655,633,v_150 (500nm)_633nm_edge_100%_x100_vis_h50um_60sx2_01_0,1.1,1.6,1.0,7.2
BU18FA19,E,ff11,fi010,0.96,0.039,0.001,287.8438828013035,412.6790182482531,21.063296364256303,3.299607864391482,261.6762570920941,257.92438640515815,21.063296364256303,0.45827887005437246,633,v_150 (500nm)_633nm_edge_100%_x100_vis_h50um_30sx2_01_0,1.1,1.6,1.0,7.2
BU18FA19,E,ff11,fi010,1.0,0.0,0.0,531.7268732587701,789.6073779619334,0.0,0.0,483.38806659888184,493.50461122620834,0.0,0.0,633,v_150 (500nm)_633nm_edge_100%_x100_vis_h50um_60sx2_01_0,1.1,1.6,1.0,7.2
BU18FA19,E,ff11b,fi01,0.859,0.141,0.0,46175.55930490837,0.0,7579.809553486732,0.0,46175.55930490837,0.0,7579.809553486732,0.0,532,v_150 (500nm)_532nm_edge_100%_x100_vis_h50um_30sx2_01_0,1.0,1.5,1.0,7.5
BU18FA19,E,ff11b,fi01,0.967,0.033,0.0,460.68022190732506,337.89319685369514,23.262234246757167,0.0,460.68022190732506,225.26213123579677,23.262234246757167,0.0,532,v_1800 (450-850nm)_532nm_edge_100%_x100_vis_h50um_30sx2_01,1.0,1.5,1.0,7.5
BU18FA19,E,ff11b,fi02,0.886,0.114,0.0,36434.529903137365,9796.919521966502,5509.488585432059,84.98872303746377,36434.529903137365,6531.279681311001,5509.488585432059,11.331829738328503,532,v_150 (500nm)_532nm_edge_100%_x100_vis_h50um_30sx2_01_0,1.0,1.5,1.0,7.5
BU18FA19,E,ff11b,fi02,0.939,0.061,0.0,1887.6004560896527,2984.6465496736987,253.0857503245852,0.0,1887.6004560896527,1989.7643664491325,253.0857503245852,0.0,532,v_1800 (450-850nm)_532nm_edge_100%_x100_vis_h50um_30sx2_01,1.0,1.5,1.0,7.5
BU18FA19,E,ff11b,fi03,0.868,0.132,0.0,38764.647425776566,0.0,5870.185977955976,0.0,38764.647425776566,0.0,5870.185977955976,0.0,532,v_150 (500nm)_532nm_edge_100%_x100_vis_h50um_30sx2_01_0,1.0,1.5,1.0,7.5
BU18FA19,E,ff11b,fi03,0.933,0.067,0.0,1973.3505791159691,3141.615475357869,292.28449004620643,0.0,1973.3505791159691,2094.410316905246,292.28449004620643,0.0,532,v_1800 (450-850nm)_532nm_edge_100%_x100_vis_h50um_30sx2_01,1.0,1.5,1.0,7.5
BU18FA19,E,ff11b,fi04,0.866,0.134,0.0,24969.571962642047,0.0,3874.86514761017,0.0,24969.571962642047,0.0,3874.86514761017,0.0,532,v_150 (500nm)_532nm_edge_100%_x100_vis_h50um_30sx2_01_0,1.0,1.5,1.0,7.5
BU18FA19,E,ff11b,fi04,0.927,0.073,0.0,1415.6298708673644,2131.897510765048,222.3060780304514,0.0,1415.6298708673644,1421.2650071766986,222.3060780304514,0.0,532,v_1800 (450-850nm)_532nm_edge_100%_x100_vis_h50um_30sx2_01,1.0,1.5,1.0,7.5
BU18FA19,E,ff11b,fi05,0.869,0.131,0.0,14139.461970137701,0.0,2122.7060903903994,0.0,14139.461970137701,0.0,2122.7060903903994,0.0,532,v_150 (500nm)_532nm_edge_100%_x100_vis_h50um_30sx2_01_0,1.0,1.5,1.0,7.5
BU18FA19,E,ff11b,fi05,0.929,0.071,0.0,898.3471085457364,1346.0352864115582,137.70425782948243,0.0,898.3471085457364,897.3568576077055,137.70425782948243,0.0,532,v_1800 (450-850nm)_532nm_edge_100%_x100_vis_h50um_30sx2_01,1.0,1.5,1.0,7.5
BU18FA19,E,ff11b,fi06,0.898,0.102,0.0,23644.94375061966,6124.339222529411,3161.2389015065946,0.0,23644.94375061966,4082.8928150196075,3161.2389015065946,0.0,532,v_150 (500nm)_532nm_edge_100%_x100_vis_h50um_30sx2_01_0,1.0,1.5,1.0,7.5
BU18FA19,E,ff11b,fi06,0.94,0.06,0.0,405.61720614730405,387.0681265233447,42.024417321541534,0.0,405.61720614730405,258.0454176822298,42.024417321541534,0.0,532,v_1800 (450-850nm)_532nm_edge_100%_x100_vis_h50um_30sx2_01,1.0,1.5,1.0,7.5
BU18FA19,E,ff11b,fi07,0.896,0.104,0.0,20484.867799964755,8284.64741721828,3029.5662462626888,0.0,20484.867799964755,5523.09827814552,3029.5662462626888,0.0,532,v_150 (500nm)_532nm_edge_100%_x100_vis_h50um_30sx2_01_0,1.0,1.5,1.0,7.5
BU18FA19,E,ff11b,fi07,0.94,0.06,0.0,1191.926001559223,1918.8142687857307,158.41909955741573,0.0,1191.926001559223,1279.2095125238204,158.41909955741573,0.0,532,v_1800 (450-850nm)_532nm_edge_100%_x100_vis_h50um_30sx2_01,1.0,1.5,1.0,7.5
BU18FA19,E,ff11b,fi08,0.865,0.135,0.0,59646.36794232703,0.0,9293.768804361333,0.0,59646.36794232703,0.0,9293.768804361333,0.0,532,v_150 (500nm)_532nm_edge_100%_x100_vis_h50um_30sx2_01_0,1.0,1.5,1.0,7.5
BU18FA19,E,ff11b,fi08,0.935,0.065,0.0,1882.1418226781132,2923.167924572752,268.00371227781346,0.0,1882.1418226781132,1948.7786163818346,268.00371227781346,0.0,532,v_1800 (450-850nm)_532nm_edge_100%_x100_vis_h50um_30sx2_01,1.0,1.5,1.0,7.5
BU18FA19,E,ff11b,fi09,0.872,0.127,0.001,20929.354872801396,0.0,3054.2107194360524,97.91398162900805,20929.354872801396,0.0,3054.2107194360524,13.055197550534407,532,v_150 (500nm)_532nm_edge_100%_x100_vis_h50um_30sx2_01_0,1.0,1.5,1.0,7.5
BU18FA19,E,ff11b,fi09,0.939,0.061,0.0,1108.7377154705314,1794.771629231063,150.97626907890012,0.0,1108.7377154705314,1196.5144194873753,150.97626907890012,0.0,532,v_1800 (450-850nm)_532nm_edge_100%_x100_vis_h50um_30sx2_01,1.0,1.5,1.0,7.5
BU18FA19,E,ff11b,fi010,0.871,0.129,0.0,30561.80882228417,0.0,4524.723903478829,0.0,30561.80882228417,0.0,4524.723903478829,0.0,532,v_150 (500nm)_532nm_edge_100%_x100_vis_h50um_30sx2_01_0,1.0,1.5,1.0,7.5
BU18FA19,E,ff11b,fi010,1.0,0.0,0.0,333.8867104631325,0.0,0.0,0.0,303.53337314830225,0.0,0.0,0.0,633,v_150 (500nm)_633nm_edge_100%_x100_vis_h50um_60sx2_01_0,1.1,1.6,1.0,7.2
BU18FA19,E,ff11b,fi010,0.936,0.064,0.0,1279.7980722089392,1968.5363772898586,178.14203439280172,0.0,1279.7980722089392,1312.3575848599057,178.14203439280172,0.0,532,v_1800 (450-850nm)_532nm_edge_100%_x100_vis_h50um_30sx2_01,1.0,1.5,1.0,7.5
BU18FA20,B,brt2,fi01,0.934,0.065,0.001,386.9873348544794,654.3358507438193,52.863014450385165,3.57856511640061,351.8066680495267,408.95990671488704,52.863014450385165,0.49702293283341803,633,633-v,1.1,1.6,1.0,7.2
BU18FA20,B,brt2,fi03,0.974,0.011,0.015,172.92686367040406,292.52241894407825,3.738193271133448,38.162393273248455,157.20623970036732,182.8265118400489,3.738193271133448,5.3003323990622855,633,633-v,1.1,1.6,1.0,7.2
BU18FA20,B,brt2,fi04,1.0,0.0,0.0,763.3226993990256,1420.0100367926736,0.0,0.0,693.9297267263869,887.506272995421,0.0,0.0,633,633-v,1.1,1.6,1.0,7.2
BU18FA20,B,brt2,fi05,0.966,0.034,0.0,255.18607617866112,484.43838370047763,18.725955533183107,0.0,231.987341980601,302.7739898127985,18.725955533183107,0.0,633,1-633-v,1.1,1.6,1.0,7.2
BU18FA20,B,ff4,fi01,0.999,0.0,0.001,2529.0990531739053,3763.7192864397794,0.0,27.780802069299703,2299.1809574308227,2352.3245540248618,0.0,3.858444731847181,633,v_150 (500nm)_633nm_edge_100%_x100_vis_ld_h30um_60sx2_01,1.1,1.6,1.0,7.2
BU18FA20,B,ff4,fi01,1.0,0.0,0.0,775.444399548364,1218.242829855359,0.0,0.0,704.9494541348763,761.4017686595994,0.0,0.0,633,v_180 (450-850nm)_633nm_edge_100%_x100_vis_ld_h30um_80sx4_01,1.1,1.6,1.0,7.2
BU18FA20,B,ff4,fi02,1.0,0.0,0.0,2998.4386767554497,4362.750186020052,0.0,0.0,2725.853342504954,2726.718866262532,0.0,0.0,633,v_150 (500nm)_633nm_edge_100%_x100_vis_ld_h30um_60sx4_01,1.1,1.6,1.0,7.2
BU18FA20,B,ff4,fi02,1.0,0.0,0.0,811.9148509317326,1280.5265056969754,0.0,0.0,738.1044099379387,800.3290660606095,0.0,0.0,633,v_180 (450-850nm)_633nm_edge_100%_x100_vis_ld_h30um_80sx4_01,1.1,1.6,1.0,7.2
BU18FA20,B,ff4,fi03,0.955,0.043,0.002,1705.9404613920547,13.534298670024029,71.05091021037113,22.649368936425763,1550.8549649018678,8.458936668765018,71.05091021037113,3.1457456856146893,633,v_150 (500nm)_633nm_edge_100%_x100_vis_ld_h30um_60sx4_01,1.1,1.6,1.0,7.2
BU18FA20,B,ff4,fi03,1.0,0.0,0.0,375.25755112526303,593.3257372369376,0.0,0.0,341.14322829569363,370.828585773086,0.0,0.0,633,v_180 (450-850nm)_633nm_edge_100%_x100_vis_ld_h30um_80sx4_01,1.1,1.6,1.0,7.2
BU18FA20,C,brt1,fi01,0.979,0.02,0.0,3166.501866456412,4410.035306470887,117.29091688915693,7.370193876150557,2878.6380604149194,2756.2720665443044,117.29091688915693,1.023638038354244,633,150-633-v,1.1,1.6,1.0,7.2
BU18FA20,C,brt1,fi01,0.993,0.006,0.0,3784.346789943761,6233.130361193834,45.32927673856531,24.07995733889356,3440.315263585237,3895.7064757461458,45.32927673856531,3.3444385192907724,633,151-633-v,1.1,1.6,1.0,7.2
BU18FA20,C,brt1,fi02,0.995,0.005,0.0,4722.120031364951,7797.070370095308,46.49988553189806,12.110927260318743,4292.836392149955,4873.168981309567,46.49988553189806,1.6820732305998254,633,633-v,1.1,1.6,1.0,7.2
BU18FA20,C,brt1,fi03,1.0,0.0,0.0,2042.045282916655,3578.9342793540864,0.0,5.2667053012395035,1856.4048026515043,2236.833924596304,0.0,0.7314868473943755,633,633-v,1.1,1.6,1.0,7.2
BU18FA20,C,brt1,fi04,1.0,0.0,0.0,2726.672378522723,4653.5539636669355,0.0,14.1469977632288,2478.7930713842934,2908.4712272918346,0.0,1.9648608004484445,633,633-v,1.1,1.6,1.0,7.2
BU18FA20,C,brt1,fi05,0.994,0.006,0.0,2235.6070507650734,3940.0635347528882,26.356208110831382,0.0,2032.3700461500666,2462.539709220555,26.356208110831382,0.0,633,633-v,1.1,1.6,1.0,7.2
BU18FA20,C,brt1,fi06,0.978,0.022,0.0,834.8048319165921,1654.4161878737787,39.817061482695365,0.0,758.9134835605382,1034.0101174211115,39.817061482695365,0.0,633,633-v,1.1,1.6,1.0,7.2
BU18FA20,C,brt1,fi07,0.999,0.001,0.0,2855.918444530233,4491.340327448097,5.928758094878267,3.524490692230487,2596.2894950274845,2807.0877046550604,5.928758094878267,0.48951259614312315,633,633-v,1.1,1.6,1.0,7.2
BU18FA20,C,brt1,fi08,0.999,0.001,0.0,1736.514634269265,3201.961096045831,3.3805804358485254,0.0,1578.6496675175133,2001.2256850286442,3.3805804358485254,0.0,633,633-v,1.1,1.6,1.0,7.2
BU18FA20,C,brt1,fi09,0.982,0.017,0.001,667.8564456099431,1137.1890392252203,22.411120313521856,13.185433815311297,607.1422232817664,710.7431495157626,22.411120313521856,1.831310252126569,633,1-633-v,1.1,1.6,1.0,7.2
BU18FA20,C,brt1,fi010,1.0,0.0,0.0,1735.2497651333945,2670.2694689242353,0.0,0.0,1577.499786484904,1668.918418077647,0.0,0.0,633,633-v,1.1,1.6,1.0,7.2
BU18FA20,D,ph2b,fi01b,1.0,0.0,0.0,65.51089293116277,75.01155698358016,0.0,0.0,54.59241077596898,44.12444528445892,0.0,0.0,785,785-v,1.2,1.7,1.0,6.8
BU18FA20,D,ph2b,fi02,0.974,0.025,0.002,338.9464023839605,461.59587677240313,13.985299959699773,6.328446711659247,282.4553353199671,271.52698633670775,13.985299959699773,0.9306539281851833,785,785-v,1.2,1.7,1.0,6.8
BU18FA20,E,ff1,fi01,0.953,0.047,0.0,38355.45152421927,0.0,1891.4132685350876,126.82267324093519,38355.45152421927,0.0,1891.4132685350876,16.909689765458026,532,v,1.0,1.5,1.0,7.5
BU18FA20,E,ff1,fi02,0.951,0.049,0.0,150526.9429963585,0.0,7823.698895508209,0.0,150526.9429963585,0.0,7823.698895508209,0.0,532,v,1.0,1.5,1.0,7.5
BU18FA20,E,ff1,fi03,0.944,0.056,0.0,10630.366620770717,0.0,627.1037115715538,0.0,10630.366620770717,0.0,627.1037115715538,0.0,532,v,1.0,1.5,1.0,7.5
BU18FA20,E,ff1,fi04,0.773,0.226,0.0,14991.17914500519,0.0,4383.032463733669,54.150359380977825,14991.17914500519,0.0,4383.032463733669,7.22004791746371,532,1-v,1.0,1.5,1.0,7.5
BU18FA20,E,ff1,fi0x,0.82,0.18,0.0,18809.59242584037,624.7753907273158,4226.965728620624,7.44211831218089,18809.59242584037,416.5169271515438,4226.965728620624,0.9922824416241186,532,v,1.0,1.5,1.0,7.5
BU18FA20,E,trl1,fi05,0.932,0.068,0.0,16518.001613750184,23326.643591553206,2357.017350630409,0.0,16518.001613750184,15551.095727702137,2357.017350630409,0.0,532,v,1.0,1.5,1.0,7.5
BU18FA20,E,trl1,fi06,0.985,0.015,0.0,27479.147475799386,34946.89197824992,782.4788446519796,0.0,27479.147475799386,23297.927985499948,782.4788446519796,0.0,532,v,1.0,1.5,1.0,7.5
BU18FA20,E,trl1,fi07,0.864,0.135,0.001,0.0,8378.00926986555,876.3558962424034,48.74195283497935,0.0,5585.3395132437,876.3558962424034,6.498927044663914,532,v,1.0,1.5,1.0,7.5
BU18FA20,F,brt1,fi01,0.915,0.08,0.005,510.86110826985106,792.0470913160983,83.8727658202001,36.40071113751516,464.4191893362282,495.0294320725614,83.8727658202001,5.055654324654883,633,633-v,1.1,1.6,1.0,7.2
BU18FA20,F,brt1,fi02,0.989,0.009,0.002,574.4696982741146,872.0473203343864,10.038530814011821,14.381652785243173,522.2451802491951,545.0295752089914,10.038530814011821,1.9974517757282184,633,633-v,1.1,1.6,1.0,7.2
BU18FA20,F,brt1,fi03,1.0,0.0,0.0,148.39734636797346,197.5722928813298,0.0,0.0,134.9066785163395,123.48268305083111,0.0,0.0,633,633-v,1.1,1.6,1.0,7.2
BU18FA20,F,brt1,fi04,0.988,0.012,0.0,965.4358740344002,1598.4654082261561,22.249049774661604,0.0,877.6689763949091,999.0408801413475,22.249049774661604,0.0,633,633-v,1.1,1.6,1.0,7.2
BU18FA20,F,brt1,fi05,0.998,0.001,0.001,809.0219038768414,1301.5524448008446,0.9068939861116558,12.704420865179571,735.4744580698558,813.4702780005279,0.9068939861116558,1.764502897941607,633,1-633-v,1.1,1.6,1.0,7.2
BU18FA20,F,trl1,fi01,0.984,0.016,0.0,5587.983377716114,11181.318832078161,212.82361008373672,0.0,5587.983377716114,7454.212554718774,212.82361008373672,0.0,532,532nm-v,1.0,1.5,1.0,7.5
BU18FA20,G,ff1,MI,0.973,0.027,0.0,182914.79417068273,0.0,5142.938342493873,0.0,182914.79417068273,0.0,5142.938342493873,0.0,532,v,1.0,1.5,1.0,7.5
BU18FA20,G,trl1,fi02,0.957,0.043,0.0,44335.907679913485,66631.28193526095,4011.50905782201,0.0,44335.907679913485,44420.8546235073,4011.50905782201,0.0,532,v,1.0,1.5,1.0,7.5
BU18FA20,G,trl1,fi04,0.991,0.009,0.0,10060.559487238776,19237.457670633023,216.90779083142084,0.0,10060.559487238776,12824.971780422014,216.90779083142084,0.0,532,v,1.0,1.5,1.0,7.5
BU18FA20,G,trl1,MI01,0.993,0.007,0.0,48619.34833960631,79333.37875756944,678.8436027242402,0.0,48619.34833960631,52888.919171712965,678.8436027242402,0.0,532,topbb-v,1.0,1.5,1.0,7.5
BU18FA20,H,trl1,fi01,0.938,0.062,0.0,1837.088403414444,3723.582451410754,286.2249473607808,0.0,1837.088403414444,2482.3883009405026,286.2249473607808,0.0,532,v,1.0,1.5,1.0,7.5
BU18FA20,H,trl1,fi02,0.954,0.046,0.0,20991.006996655546,29006.21225621574,1945.4279669047396,0.0,20991.006996655546,19337.47483747716,1945.4279669047396,0.0,532,v,1.0,1.5,1.0,7.5
BU18FA20,H,trl1,fi03,0.954,0.046,0.0,22638.374327800768,30929.564117622413,2070.5927965903174,2.396950627615862,22638.374327800768,20619.709411748274,2070.5927965903174,0.31959341701544824,532,v,1.0,1.5,1.0,7.5
BU18FA20,H,trl1,fi04,0.949,0.051,0.0,12716.513242830595,24871.12191198032,1568.6405966708326,0.0,12716.513242830595,16580.747941320213,1568.6405966708326,0.0,532,v,1.0,1.5,1.0,7.5
BU18FA20,H,trl1,fi05,0.9,0.1,0.0,0.0,6679.193986728623,492.2487924917605,0.0,0.0,4452.795991152415,492.2487924917605,0.0,532,v,1.0,1.5,1.0,7.5
BU18FA20,H,trl1,fi06,0.967,0.033,0.0,38263.090931395855,52415.29625059927,2520.255953802777,0.0,38263.090931395855,34943.530833732846,2520.255953802777,0.0,532,v,1.0,1.5,1.0,7.5
BU18FA20,H,trl1,fi07,0.944,0.055,0.0,2469.1319896154732,4613.714269867717,325.35088088489664,9.888057915446106,2469.1319896154732,3075.809513245145,325.35088088489664,1.3184077220594808,532,v,1.0,1.5,1.0,7.5
BU18FA20,H,trl1,fi08,0.958,0.042,0.0,5906.396049305694,9951.780799602599,549.6169416834149,0.0,5906.396049305694,6634.520533068399,549.6169416834149,0.0,532,v,1.0,1.5,1.0,7.5
BU18FA20,H,trl1,fi010,0.904,0.095,0.001,0.0,3462.4744174772236,243.20459561839817,13.987205860169007,0.0,2308.316278318149,243.20459561839817,1.8649607813558677,532,v,1.0,1.5,1.0,7.5
BU18FA20,I,scz1,fi01,0.967,0.033,0.0,3987.4666583672333,4527.235549303379,237.61188626816548,17.972084077376486,3987.4666583672333,3018.1570328689195,237.61188626816548,2.3962778769835316,532,v,1.0,1.5,1.0,7.5
BU18FA20,J,ff1,fi01,0.871,0.129,0.0,15509.39766579373,0.0,2288.30643101063,51.89115504319549,15509.39766579373,0.0,2288.30643101063,6.918820672426065,532,v_150 (500nm)_532nm_edge_100%_x100_vis_ld_h30um_30sx2_02,1.0,1.5,1.0,7.5
BU18FA20,J,ff1,fi01,0.92,0.08,0.0,6499.032449916459,9991.814474231966,1143.1665767480192,0.0,6499.032449916459,6661.209649487977,1143.1665767480192,0.0,532,v_1800 (450-850nm)_532nm_edge_100%_x100_vis_ld_h30um_60sx2_02,1.0,1.5,1.0,7.5
BU18FA20,J,ff1,fi02,0.855,0.145,0.0,12577.946637327517,0.0,2128.7290235057208,0.0,12577.946637327517,0.0,2128.7290235057208,0.0,532,v_150 (500nm)_532nm_edge_100%_x100_vis_ld_h30um_30sx2_01,1.0,1.5,1.0,7.5
BU18FA20,J,ff1,fi02,0.914,0.086,0.0,2055.90753877524,3557.448928345117,418.22766384395914,0.0,2055.90753877524,2371.6326188967446,418.22766384395914,0.0,532,v_1800 (450-850nm)_532nm_edge_100%_x100_vis_ld_h30um_60sx2_01,1.0,1.5,1.0,7.5
BU18FA20,J,ff1,fi03,0.839,0.161,0.0,16500.40299347525,0.0,3172.6748154116017,9.206329182624023,16500.40299347525,0.0,3172.6748154116017,1.227510557683203,532,v_150 (500nm)_532nm_edge_100%_x100_vis_ld_h30um_30sx2_01,1.0,1.5,1.0,7.5
BU18FA20,J,ff1,fi03,0.909,0.091,0.0,2042.4653942646523,3692.7573713644497,453.40542473920067,0.0,2042.4653942646523,2461.8382475762996,453.40542473920067,0.0,532,v_1800 (450-850nm)_532nm_edge_100%_x100_vis_ld_h30um_60sx2_01,1.0,1.5,1.0,7.5
BU18FA22,A,ff1,fi01,0.959,0.041,0.0,1162.1134884537064,1688.369689892375,98.4682249346628,0.0,1162.1134884537064,1125.5797932615833,98.4682249346628,0.0,532,v,1.0,1.5,1.0,7.5
BU18FA22,A,ff1,fi02,0.937,0.063,0.0,251.04032962004894,326.5715492040193,31.618313836267525,0.0,251.04032962004894,217.71436613601284,31.618313836267525,0.0,532,v,1.0,1.5,1.0,7.5
BU18FA22,A,ff2,fi01,0.908,0.092,0.0,528.8572579499869,759.3551179273372,104.43986875558937,0.0,528.8572579499869,506.23674528489147,104.43986875558937,0.0,532,v,1.0,1.5,1.0,7.5
BU18FA22,A,ff2,fi04,0.956,0.044,0.0,664.3741369824888,899.6066769501549,57.861170894587644,0.0,664.3741369824888,599.7377846334366,57.861170894587644,0.0,532,v,1.0,1.5,1.0,7.5
BU18FA22,A,ff2,fi05,0.933,0.067,0.0,207.125408685714,273.70652222095896,28.060670342267723,0.0,207.125408685714,182.47101481397263,28.060670342267723,0.0,532,v,1.0,1.5,1.0,7.5
BU18FA22,A,qtz2,fi02,0.86,0.14,0.0,17128.431963675674,0.0,2793.7748381827773,7.700258579853963,17128.431963675674,0.0,2793.7748381827773,1.0267011439805285,532,v,1.0,1.5,1.0,7.5
BU18FA22,A,qtz2,fi03,0.826,0.173,0.001,9890.848651983546,0.0,2075.910985770106,64.10523741659867,9890.848651983546,0.0,2075.910985770106,8.547364988879822,532,v,1.0,1.5,1.0,7.5
BU18FA22,A,qtz2,fi04,0.859,0.141,0.0,28344.466175475158,0.0,4664.264870608195,0.0,28344.466175475158,0.0,4664.264870608195,0.0,532,v,1.0,1.5,1.0,7.5
BU18FA22,A,qtz3a,fi01,0.853,0.147,0.0,29647.605920047783,0.0,5114.018752097705,0.0,29647.605920047783,0.0,5114.018752097705,0.0,532,v,1.0,1.5,1.0,7.5
BU18FA22,A,qtz3a,fi02,0.863,0.137,0.0,9072.7822675418,0.0,1434.2861823259987,0.0,9072.7822675418,0.0,1434.2861823259987,0.0,532,v,1.0,1.5,1.0,7.5
BU18FA22,A,qtz3a,fi03,0.858,0.142,0.0,23390.483646364126,0.0,3868.404092679103,60.452211582684626,23390.483646364126,0.0,3868.404092679103,8.060294877691284,532,v,1.0,1.5,1.0,7.5
BU18FA22,A,qtz3a,fi04,0.866,0.134,0.0,8289.829497922607,0.0,1285.554708317732,0.2602765960478104,8289.829497922607,0.0,1285.554708317732,0.03470354613970805,532,v,1.0,1.5,1.0,7.5
BU18FA22,A,qtz3b,fi01,0.859,0.141,0.0,13978.2323038078,0.0,2287.6696958086764,0.0,13978.2323038078,0.0,2287.6696958086764,0.0,532,v,1.0,1.5,1.0,7.5
BU18FA22,A,qtz3b,fi02,0.852,0.148,0.0,16664.883884709223,0.0,2894.3499982622875,0.0,16664.883884709223,0.0,2894.3499982622875,0.0,532,v,1.0,1.5,1.0,7.5
BU18FA22,A,qtz3b,fi03,0.855,0.145,0.0,9634.294423268973,0.0,1639.6123909763091,0.0,9634.294423268973,0.0,1639.6123909763091,0.0,532,v,1.0,1.5,1.0,7.5
BU18FA22,A,qtz3b,fi04,0.852,0.148,0.0,7519.559602274586,0.0,1305.2514667460425,0.0,7519.559602274586,0.0,1305.2514667460425,0.0,532,v,1.0,1.5,1.0,7.5
BU18FA22,A,qtz3b,fi05,0.857,0.138,0.005,4230.004547284518,0.0,679.5120411270553,189.60901549683723,4230.004547284518,0.0,679.5120411270553,25.281202066244965,532,v,1.0,1.5,1.0,7.5
BU18FA22,A,scz4,fi02,0.816,0.182,0.002,1673.950748900324,0.0,372.63831094934415,36.39311281298055,1673.950748900324,0.0,372.63831094934415,4.8524150417307395,532,1-v,1.0,1.5,1.0,7.5
BU18FA22,A,trl4,fi01,0.0,0.252,0.748,0.0,0.0,1040.516551167634,23171.67156784882,0.0,0.0,1040.516551167634,3089.5562090465096,532,v,1.0,1.5,1.0,7.5
BU18FA22,A,trl4,fi03,0.866,0.134,0.0,4352.371341411562,0.0,675.934203570962,0.0,4352.371341411562,0.0,675.934203570962,0.0,532,1-v,1.0,1.5,1.0,7.5
BU18FA22,B,scz2,fi01,0.961,0.039,0.0,8643.28172858456,10945.250724627174,638.4402679633388,0.0,8643.28172858456,7296.833816418116,638.4402679633388,0.0,532,v,1.0,1.5,1.0,7.5
BU18FA22,B,scz2,fi05,0.901,0.097,0.001,2294.91687075035,0.0,247.25216119126176,26.926217359796514,2294.91687075035,0.0,247.25216119126176,3.590162314639535,532,v,1.0,1.5,1.0,7.5
BU18FA22,B,scz2,fi06,1.0,0.0,0.0,113.80977170927179,222.84217299849576,0.0,0.0,113.80977170927179,148.56144866566385,0.0,0.0,532,v,1.0,1.5,1.0,7.5
BU18FA22,B,scz2,fi0x,0.875,0.123,0.002,19398.915735705603,0.0,2721.346512206969,290.37108111724643,19398.915735705603,0.0,2721.346512206969,38.716144148966194,532,v,1.0,1.5,1.0,7.5
BU18FA22,B,Trl1,fi01,0.881,0.111,0.007,88.09664222618083,427.7127967945869,47.07894469334944,23.21731646065787,88.09664222618083,285.1418645297246,47.07894469334944,3.0956421947543826,532,v,1.0,1.5,1.0,7.5
BU18FA22,B,Trl1,fi02,0.94,0.06,0.0,49.880104861365695,425.4684390339702,21.31014649286454,0.0,49.880104861365695,283.6456260226468,21.31014649286454,0.0,532,v,1.0,1.5,1.0,7.5
BU18FA22,B,Trl1,fi03,0.871,0.129,0.0,19098.09950449376,0.0,2825.3173859685853,28.892582139258856,19098.09950449376,0.0,2825.3173859685853,3.852344285234514,532,1-v,1.0,1.5,1.0,7.5
BU18FA22,C,brt1,fi01,0.981,0.0,0.019,85.24848065657595,134.4275845443208,0.0,20.002397422674257,71.04040054714663,79.07504973195341,0.0,2.9415290327462142,785,785-v,1.2,1.7,1.0,6.8
BU18FA22,C,brt2,fi01,0.963,0.0,0.037,68.61808024104894,67.66127061317819,0.0,25.120297120919926,57.18173353420745,39.80074741951658,0.0,3.6941613413117538,785,785-v,1.2,1.7,1.0,6.8
BU18FA22,C,brt3,fi01,0.459,0.495,0.046,0.0,38.87413280691446,24.655759861107235,15.652804478094298,0.0,22.8671369452438,24.655759861107235,2.3018830114844557,785,785-v,1.2,1.7,1.0,6.8
BU18FA22,C,scz6,fi01,0.963,0.037,0.0,241.0824821734239,301.4607794375237,17.118787458365723,0.568820429509751,241.0824821734239,200.9738529583491,17.118787458365723,0.07584272393463347,532,532-v,1.0,1.5,1.0,7.5
BU18FA22,D,scz1,fi01,0.977,0.023,0.0,4312.48984519187,5311.009060289932,187.13630164130183,1.698614105025242,4312.48984519187,3540.6727068599544,187.13630164130183,0.22648188067003225,532,v,1.0,1.5,1.0,7.5
BU18FA22,D,scz1,fi02,0.928,0.072,0.0,43810.04965279205,40581.469234417375,5503.465761122274,36.919432658864636,43810.04965279205,27054.312822944918,5503.465761122274,4.922591021181952,532,v,1.0,1.5,1.0,7.5
BU18FA22,D,scz1,fi03,0.937,0.062,0.0,24791.3995390786,26302.69744650216,2815.560998086158,166.45612690837822,24791.3995390786,17535.13163100144,2815.560998086158,22.19415025445043,532,v,1.0,1.5,1.0,7.5
BU18FA22,D,scz1,fi04,0.95,0.05,0.0,4825.3394366887305,6348.8334382153225,472.2455738682035,5.6136578094407295,4825.3394366887305,4232.555625476882,472.2455738682035,0.7484877079254306,532,v,1.0,1.5,1.0,7.5
BU18FA22,D,scz1,fi05,0.958,0.042,0.0,1474.726447446626,1836.5991261018328,118.90632638637203,0.0,1474.726447446626,1224.3994174012219,118.90632638637203,0.0,532,v,1.0,1.5,1.0,7.5
BU18FA32,A,ff1,fi01,0.955,0.045,0.0,43336.78463687781,63329.481163906625,4039.563557569669,106.80147447387313,43336.78463687781,42219.65410927108,4039.563557569669,14.240196596516418,532,v,1.0,1.5,1.0,7.5
BU18FA32,A,ff1,fi02,0.982,0.018,0.0,20706.774764621052,32421.3586358589,794.3600505149285,13.005727261534197,20706.774764621052,21614.2390905726,794.3600505149285,1.7340969682045597,532,v,1.0,1.5,1.0,7.5
BU18FA32,A,ff1,fi03,0.99,0.01,0.0,20348.0295175397,30289.298065526178,390.5424213419945,0.0,20348.0295175397,20192.865377017453,390.5424213419945,0.0,532,V,1.0,1.5,1.0,7.5
BU18FA32,A,ff1,fi04,0.992,0.007,0.0,12062.379080403243,18211.581114873443,182.69513492859835,21.844150304425362,12062.379080403243,12141.054076582295,182.69513492859835,2.9125533739233815,532,V,1.0,1.5,1.0,7.5
BU18FA32,A,ff1,fi05,0.944,0.055,0.001,9946.24772383774,14625.51011581742,1148.46668347948,157.06357200203536,9946.24772383774,9750.340077211613,1148.46668347948,20.94180960027138,532,v,1.0,1.5,1.0,7.5
BU18FA32,A,ff1,fi06,0.944,0.054,0.001,13921.838962624277,18820.957847737078,1525.220000151756,307.3161946368415,13921.838962624277,12547.30523182472,1525.220000151756,40.97549261824553,532,v,1.0,1.5,1.0,7.5
BU18FA32,A,ff1,fi08,0.977,0.019,0.004,5036.821990737498,7635.189603690559,195.9113622812602,283.81538911824276,5036.821990737498,5090.126402460372,195.9113622812602,37.842051882432365,532,V,1.0,1.5,1.0,7.5
BU18FA32,A,ff1,fi09,0.938,0.062,0.0,16137.476213647871,22661.01002431298,2047.932823863357,51.50267988711559,16137.476213647871,15107.340016208653,2047.932823863357,6.867023984948745,532,V,1.0,1.5,1.0,7.5
BU18FA32,A,ff1,fi010,0.935,0.063,0.001,6995.71031807093,11192.789330358428,979.0962452049374,148.51783208381167,6995.71031807093,7461.859553572285,979.0962452049374,19.80237761117489,532,V,1.0,1.5,1.0,7.5
BU18FA32,A.II,incC,fi01,0.859,0.141,0.0,2137.7003777340633,1225.029566970104,484.5935214866226,0.0,2137.7003777340633,816.6863779800693,484.5935214866226,0.0,532,v,1.0,1.5,1.0,7.5
BU18FA32,A.II,incC,fi02,0.809,0.191,0.0,929.137671509002,105.97108472704463,236.01884451118758,0.0,929.137671509002,70.64738981802975,236.01884451118758,0.0,532,v,1.0,1.5,1.0,7.5
BU18FA32,AII,incC,fi01,0.807,0.192,0.0,3164.448384329759,0.0,753.6987372802599,6.4857252040373785,3164.448384329759,0.0,753.6987372802599,0.8647633605383171,532,v_150 (500nm)_532nm_edge_100%_x100_vis_ld_h50um_15sx2_01,1.0,1.5,1.0,7.5
BU18FA32,AII,incC,fi01,0.949,0.051,0.0,915.1890200759641,1223.8356109298186,93.37779896645264,0.0,915.1890200759641,815.8904072865457,93.37779896645264,0.0,532,v_1800 (450-850nm)_532nm_edge_100%_x100_vis_ld_h30um_40sx2_01,1.0,1.5,1.0,7.5
BU18FA32,AII,incC,fi02,0.829,0.169,0.002,1063.118311047142,0.0,216.90233288782028,18.866597751202416,1063.118311047142,0.0,216.90233288782028,2.515546366826989,532,v_150 (500nm)_532nm_edge_100%_x100_vis_ld_h30um_15sx2_01,1.0,1.5,1.0,7.5
BU18FA32,AII,incC,fi02,0.918,0.082,0.0,1217.5073620449548,1875.0203367306922,218.9952233407997,0.0,1217.5073620449548,1250.0135578204615,218.9952233407997,0.0,532,v_1800 (450-850nm)_532nm_edge_100%_x100_vis_ld_h30um_40sx2_01,1.0,1.5,1.0,7.5
BU18FA32,AII,incC,fi03,0.858,0.142,0.001,5721.398514428757,0.0,944.6416685691034,33.27237830067726,5721.398514428757,0.0,944.6416685691034,4.436317106756968,532,v_150 (500nm)_532nm_edge_100%_x100_vis_ld_h50um_10sx2_01,1.0,1.5,1.0,7.5
BU18FA32,AII,incC,fi03,0.917,0.083,0.0,169.87743706053413,190.05363017620292,26.88116708290154,0.0,169.87743706053413,126.7024201174686,26.88116708290154,0.0,532,v_1800 (450-850nm)_532nm_edge_100%_x100_vis_ld_h30um_40sx2_01,1.0,1.5,1.0,7.5
BU18FA32,AII,incC,fi04,0.916,0.084,0.0,5570.679058193292,81.85413696540144,516.9427640257811,0.0,5570.679058193292,54.56942464360096,516.9427640257811,0.0,532,v_150 (500nm)_532nm_edge_100%_x100_vis_ld_h30um_15sx2_01,1.0,1.5,1.0,7.5
BU18FA32,AII,incC,fi05,0.842,0.141,0.017,4801.62571318399,341.3427694327768,841.0776585640668,770.34230504225,4801.62571318399,227.56184628851784,841.0776585640668,102.71230733896667,532,v_150 (500nm)_532nm_edge_100%_x100_vis_ld_h30um_15sx2_01,1.0,1.5,1.0,7.5
BU18FA32,AII,incC,fi05,0.917,0.083,0.0,1202.2885206623855,1434.006446254381,194.2203602188994,0.0,1202.2885206623855,956.0042975029206,194.2203602188994,0.0,532,v_1800 (450-850nm)_532nm_edge_100%_x100_vis_ld_h30um_40sx2_01,1.0,1.5,1.0,7.5
BU18FA32,B,ff2,fi01,0.883,0.116,0.001,32323.04494187424,664.8993045787763,4297.796918183856,341.1922594018682,32323.04494187424,443.26620305251754,4297.796918183856,45.49230125358243,532,v_150 (500nm)_532nm_edge_100%_x100_vis_ld_h30um_30sx2_01,1.0,1.5,1.0,7.5
BU18FA32,B,ff2,fi02,0.896,0.101,0.004,13799.497939640973,4947.276631123645,1919.5581907786654,534.5858000087331,13799.497939640973,3298.1844207490963,1919.5581907786654,71.27810666783108,532,v_150 (500nm)_532nm_edge_100%_x100_vis_ld_h30um_30sx2_02,1.0,1.5,1.0,7.5
BU18FA32,B,ff2,fi02,0.933,0.064,0.003,1711.6570468084967,2632.5916088513945,239.43441241363965,73.32699540006789,1711.6570468084967,1755.0610725675963,239.43441241363965,9.776932720009052,532,v_1800 (450-850nm)_532nm_edge_100%_x100_vis_ld_h30um_30sx2_01,1.0,1.5,1.0,7.5
BU18FA32,B,ff2,fi03,0.894,0.105,0.001,30820.865627123734,3189.341450830679,3856.274855019301,368.93554018347845,30820.865627123734,2126.2276338871193,3856.274855019301,49.19140535779713,532,v_150 (500nm)_532nm_edge_100%_x100_vis_ld_h30um_30sx2_01,1.0,1.5,1.0,7.5
BU18FA32,B,ff2,fi03,0.945,0.054,0.001,4079.092223935193,6002.400142220933,464.6181876074736,61.89193269727674,4079.092223935193,4001.6000948139554,464.6181876074736,8.25225769297023,532,v_1800 (450-850nm)_532nm_edge_100%_x100_vis_ld_h30um_30sx2_01,1.0,1.5,1.0,7.5
BU18FA32,B,ff2,fi04,0.886,0.113,0.001,10263.100237312734,0.0,1315.1957802554437,81.82485739381094,10263.100237312734,0.0,1315.1957802554437,10.90998098584146,532,v_150 (500nm)_532nm_edge_100%_x100_vis_ld_h30um_30sx2_01,1.0,1.5,1.0,7.5
BU18FA32,B,ff2,fi04,0.948,0.052,0.0,825.4764358900437,1324.5270574964798,92.9112021808524,0.0,825.4764358900437,883.0180383309865,92.9112021808524,0.0,532,v_1800 (450-850nm)_532nm_edge_100%_x100_vis_ld_h30um_30sx2_01,1.0,1.5,1.0,7.5
BU18FA32,B,ff2,fi05,0.903,0.096,0.001,17351.89806071005,6135.835496805803,2286.174932363608,102.7760292001842,17351.89806071005,4090.5569978705353,2286.174932363608,13.70347056002456,532,v_150 (500nm)_532nm_edge_100%_x100_vis_ld_h30um_30sx2_01,1.0,1.5,1.0,7.5
BU18FA32,B,ff2,fi05,0.959,0.04,0.001,2431.045233635411,3504.7404216760374,201.05581151225317,27.67066256201616,2431.045233635411,2336.4936144506914,201.05581151225317,3.6894216749354882,532,v_1800 (450-850nm)_532nm_edge_100%_x100_vis_ld_h30um_30sx2_01,1.0,1.5,1.0,7.5
BU18FA32,C,ff1,fi01,0.866,0.133,0.001,20859.663895196998,0.0,3206.2712940766846,152.9637613291536,20859.663895196998,0.0,3206.2712940766846,20.39516817722048,532,v,1.0,1.5,1.0,7.5
BU18FA32,C,ff1,fi02,0.875,0.124,0.001,27556.655191599584,0.0,3911.876452881612,295.4665050357674,27556.655191599584,0.0,3911.876452881612,39.39553400476898,532,1-v,1.0,1.5,1.0,7.5
BU18FA32,C,ff1,fi03,0.967,0.033,0.0,19577.403453934596,0.0,659.7302712338792,0.0,19577.403453934596,0.0,659.7302712338792,0.0,532,v,1.0,1.5,1.0,7.5
BU18FA32,C,ff1,fi04,0.957,0.043,0.0,16838.323908032122,0.0,747.8876250752893,0.0,16838.323908032122,0.0,747.8876250752893,0.0,532,v,1.0,1.5,1.0,7.5
BU18FA32,C,ff1,fi05,0.961,0.037,0.002,21157.683495776946,0.0,818.5465548794193,371.46624071285913,21157.683495776946,0.0,818.5465548794193,49.52883209504788,532,v,1.0,1.5,1.0,7.5
BU18FA32,C,ff1,fi06,0.864,0.135,0.001,9561.329612830308,0.0,1489.7783332111583,69.76589643129685,9561.329612830308,0.0,1489.7783332111583,9.302119524172914,532,v,1.0,1.5,1.0,7.5
BU18FA32,C,ff1,fi07,0.87,0.122,0.007,12908.629673122134,0.0,1816.095136747184,804.7511659837645,12908.629673122134,0.0,1816.095136747184,107.30015546450194,532,v,1.0,1.5,1.0,7.5
BU18FA32,C,ff1,fi08,0.885,0.113,0.002,15087.444109978682,0.0,1931.5828647851733,202.50917791485338,15087.444109978682,0.0,1931.5828647851733,27.001223721980452,532,v,1.0,1.5,1.0,7.5
BU18FA32,C,ff1,fi09,0.869,0.128,0.003,14104.949467867575,0.0,2079.487387127194,341.52131707982227,14104.949467867575,0.0,2079.487387127194,45.53617561064297,532,v,1.0,1.5,1.0,7.5
BU18FA32,C,ff1,fi010,0.864,0.135,0.002,10484.118633397193,0.0,1634.8239890932416,165.26844676877894,10484.118633397193,0.0,1634.8239890932416,22.03579290250386,532,v,1.0,1.5,1.0,7.5
